"","SiteYearLine","Site","Year","CanolaLine","Week","SampleID","SiteYear","s2","s","s.std","s.rev","Yield","yield.std","importance1","importance2","importance3"
"1","L.2016.NAM-0","L",2016,"NAM-0",1,"L.2016.NAM-0.01.R","L.2016",118.239333430717,10.8737911250271,0.821222324949625,800.102140686216,2329.26,0.478368660560268,0.137788467245683,0.209139964071898,0.158398467515199
"2","L.2016.NAM-0","L",2016,"NAM-0",2,"L.2016.NAM-0.02.R","L.2016",118.239333430717,10.8737911250271,0.821222324949625,800.102140686216,2329.26,0.478368660560268,0.137788467245683,0.209139964071898,0.158398467515199
"3","L.2016.NAM-0","L",2016,"NAM-0",3,"L.2016.NAM-0.03.R","L.2016",118.239333430717,10.8737911250271,0.821222324949625,800.102140686216,2329.26,0.478368660560268,0.137788467245683,0.209139964071898,0.158398467515199
"4","L.2016.NAM-0","L",2016,"NAM-0",4,"L.2016.NAM-0.04.R","L.2016",118.239333430717,10.8737911250271,0.821222324949625,800.102140686216,2329.26,0.478368660560268,0.137788467245683,0.209139964071898,0.158398467515199
"5","L.2016.NAM-0","L",2016,"NAM-0",5,"L.2016.NAM-0.05.R","L.2016",118.239333430717,10.8737911250271,0.821222324949625,800.102140686216,2329.26,0.478368660560268,0.137788467245683,0.209139964071898,0.158398467515199
"6","L.2016.NAM-0","L",2016,"NAM-0",6,"L.2016.NAM-0.06.R","L.2016",118.239333430717,10.8737911250271,0.821222324949625,800.102140686216,2329.26,0.478368660560268,0.137788467245683,0.209139964071898,0.158398467515199
"7","L.2016.NAM-0","L",2016,"NAM-0",7,"L.2016.NAM-0.07.R","L.2016",118.239333430717,10.8737911250271,0.821222324949625,800.102140686216,2329.26,0.478368660560268,0.137788467245683,0.209139964071898,0.158398467515199
"8","L.2016.NAM-0","L",2016,"NAM-0",8,"L.2016.NAM-0.08.R","L.2016",118.239333430717,10.8737911250271,0.821222324949625,800.102140686216,2329.26,0.478368660560268,0.137788467245683,0.209139964071898,0.158398467515199
"9","L.2016.NAM-0","L",2016,"NAM-0",9,"L.2016.NAM-0.09.R","L.2016",118.239333430717,10.8737911250271,0.821222324949625,800.102140686216,2329.26,0.478368660560268,0.137788467245683,0.209139964071898,0.158398467515199
"10","L.2016.NAM-0","L",2016,"NAM-0",10,"L.2016.NAM-0.10.R","L.2016",118.239333430717,10.8737911250271,0.821222324949625,800.102140686216,2329.26,0.478368660560268,0.137788467245683,0.209139964071898,0.158398467515199
"11","L.2016.NAM-13","L",2016,"NAM-13",1,"L.2016.NAM-13.01.R","L.2016",16437.045832773,128.207042836082,0.432731754316218,682.768888975161,2936.80666666667,0.774212128301595,0.196883647035451,0.125960624368612,0.147823204350752
"12","L.2016.NAM-13","L",2016,"NAM-13",2,"L.2016.NAM-13.02.R","L.2016",16437.045832773,128.207042836082,0.432731754316218,682.768888975161,2936.80666666667,0.774212128301595,0.196883647035451,0.125960624368612,0.147823204350752
"13","L.2016.NAM-13","L",2016,"NAM-13",3,"L.2016.NAM-13.03.R","L.2016",16437.045832773,128.207042836082,0.432731754316218,682.768888975161,2936.80666666667,0.774212128301595,0.196883647035451,0.125960624368612,0.147823204350752
"14","L.2016.NAM-13","L",2016,"NAM-13",4,"L.2016.NAM-13.04.R","L.2016",16437.045832773,128.207042836082,0.432731754316218,682.768888975161,2936.80666666667,0.774212128301595,0.196883647035451,0.125960624368612,0.147823204350752
"15","L.2016.NAM-13","L",2016,"NAM-13",5,"L.2016.NAM-13.05.R","L.2016",16437.045832773,128.207042836082,0.432731754316218,682.768888975161,2936.80666666667,0.774212128301595,0.196883647035451,0.125960624368612,0.147823204350752
"16","L.2016.NAM-13","L",2016,"NAM-13",6,"L.2016.NAM-13.06.R","L.2016",16437.045832773,128.207042836082,0.432731754316218,682.768888975161,2936.80666666667,0.774212128301595,0.196883647035451,0.125960624368612,0.147823204350752
"17","L.2016.NAM-13","L",2016,"NAM-13",7,"L.2016.NAM-13.07.R","L.2016",16437.045832773,128.207042836082,0.432731754316218,682.768888975161,2936.80666666667,0.774212128301595,0.196883647035451,0.125960624368612,0.147823204350752
"18","L.2016.NAM-13","L",2016,"NAM-13",8,"L.2016.NAM-13.08.R","L.2016",16437.045832773,128.207042836082,0.432731754316218,682.768888975161,2936.80666666667,0.774212128301595,0.196883647035451,0.125960624368612,0.147823204350752
"19","L.2016.NAM-13","L",2016,"NAM-13",9,"L.2016.NAM-13.09.R","L.2016",16437.045832773,128.207042836082,0.432731754316218,682.768888975161,2936.80666666667,0.774212128301595,0.196883647035451,0.125960624368612,0.147823204350752
"20","L.2016.NAM-13","L",2016,"NAM-13",10,"L.2016.NAM-13.10.R","L.2016",16437.045832773,128.207042836082,0.432731754316218,682.768888975161,2936.80666666667,0.774212128301595,0.196883647035451,0.125960624368612,0.147823204350752
"21","L.2016.NAM-14","L",2016,"NAM-14",1,"L.2016.NAM-14.01.R","L.2016",3387.77796539541,58.2046215123456,0.664509875259714,752.771310298897,2655.78666666667,0.637370078355361,0.253035907943485,0.261617593828576,0.230192038185023
"22","L.2016.NAM-14","L",2016,"NAM-14",2,"L.2016.NAM-14.02.R","L.2016",3387.77796539541,58.2046215123456,0.664509875259714,752.771310298897,2655.78666666667,0.637370078355361,0.253035907943485,0.261617593828576,0.230192038185023
"23","L.2016.NAM-14","L",2016,"NAM-14",3,"L.2016.NAM-14.03.R","L.2016",3387.77796539541,58.2046215123456,0.664509875259714,752.771310298897,2655.78666666667,0.637370078355361,0.253035907943485,0.261617593828576,0.230192038185023
"24","L.2016.NAM-14","L",2016,"NAM-14",4,"L.2016.NAM-14.04.R","L.2016",3387.77796539541,58.2046215123456,0.664509875259714,752.771310298897,2655.78666666667,0.637370078355361,0.253035907943485,0.261617593828576,0.230192038185023
"25","L.2016.NAM-14","L",2016,"NAM-14",5,"L.2016.NAM-14.05.R","L.2016",3387.77796539541,58.2046215123456,0.664509875259714,752.771310298897,2655.78666666667,0.637370078355361,0.253035907943485,0.261617593828576,0.230192038185023
"26","L.2016.NAM-14","L",2016,"NAM-14",6,"L.2016.NAM-14.06.R","L.2016",3387.77796539541,58.2046215123456,0.664509875259714,752.771310298897,2655.78666666667,0.637370078355361,0.253035907943485,0.261617593828576,0.230192038185023
"27","L.2016.NAM-14","L",2016,"NAM-14",7,"L.2016.NAM-14.07.R","L.2016",3387.77796539541,58.2046215123456,0.664509875259714,752.771310298897,2655.78666666667,0.637370078355361,0.253035907943485,0.261617593828576,0.230192038185023
"28","L.2016.NAM-14","L",2016,"NAM-14",8,"L.2016.NAM-14.08.R","L.2016",3387.77796539541,58.2046215123456,0.664509875259714,752.771310298897,2655.78666666667,0.637370078355361,0.253035907943485,0.261617593828576,0.230192038185023
"29","L.2016.NAM-14","L",2016,"NAM-14",9,"L.2016.NAM-14.09.R","L.2016",3387.77796539541,58.2046215123456,0.664509875259714,752.771310298897,2655.78666666667,0.637370078355361,0.253035907943485,0.261617593828576,0.230192038185023
"30","L.2016.NAM-14","L",2016,"NAM-14",10,"L.2016.NAM-14.10.R","L.2016",3387.77796539541,58.2046215123456,0.664509875259714,752.771310298897,2655.78666666667,0.637370078355361,0.253035907943485,0.261617593828576,0.230192038185023
"31","L.2016.NAM-17","L",2016,"NAM-17",1,"L.2016.NAM-17.01.R","L.2016",47.2557559380089,6.87428221256655,0.834464704897311,804.101649598676,2152.73,0.392407778498463,0.120248184479083,0.211163541776739,0.153687562601809
"32","L.2016.NAM-17","L",2016,"NAM-17",2,"L.2016.NAM-17.02.R","L.2016",47.2557559380089,6.87428221256655,0.834464704897311,804.101649598676,2152.73,0.392407778498463,0.120248184479083,0.211163541776739,0.153687562601809
"33","L.2016.NAM-17","L",2016,"NAM-17",3,"L.2016.NAM-17.03.R","L.2016",47.2557559380089,6.87428221256655,0.834464704897311,804.101649598676,2152.73,0.392407778498463,0.120248184479083,0.211163541776739,0.153687562601809
"34","L.2016.NAM-17","L",2016,"NAM-17",4,"L.2016.NAM-17.04.R","L.2016",47.2557559380089,6.87428221256655,0.834464704897311,804.101649598676,2152.73,0.392407778498463,0.120248184479083,0.211163541776739,0.153687562601809
"35","L.2016.NAM-17","L",2016,"NAM-17",5,"L.2016.NAM-17.05.R","L.2016",47.2557559380089,6.87428221256655,0.834464704897311,804.101649598676,2152.73,0.392407778498463,0.120248184479083,0.211163541776739,0.153687562601809
"36","L.2016.NAM-17","L",2016,"NAM-17",6,"L.2016.NAM-17.06.R","L.2016",47.2557559380089,6.87428221256655,0.834464704897311,804.101649598676,2152.73,0.392407778498463,0.120248184479083,0.211163541776739,0.153687562601809
"37","L.2016.NAM-17","L",2016,"NAM-17",7,"L.2016.NAM-17.07.R","L.2016",47.2557559380089,6.87428221256655,0.834464704897311,804.101649598676,2152.73,0.392407778498463,0.120248184479083,0.211163541776739,0.153687562601809
"38","L.2016.NAM-17","L",2016,"NAM-17",8,"L.2016.NAM-17.08.R","L.2016",47.2557559380089,6.87428221256655,0.834464704897311,804.101649598676,2152.73,0.392407778498463,0.120248184479083,0.211163541776739,0.153687562601809
"39","L.2016.NAM-17","L",2016,"NAM-17",9,"L.2016.NAM-17.09.R","L.2016",47.2557559380089,6.87428221256655,0.834464704897311,804.101649598676,2152.73,0.392407778498463,0.120248184479083,0.211163541776739,0.153687562601809
"40","L.2016.NAM-17","L",2016,"NAM-17",10,"L.2016.NAM-17.10.R","L.2016",47.2557559380089,6.87428221256655,0.834464704897311,804.101649598676,2152.73,0.392407778498463,0.120248184479083,0.211163541776739,0.153687562601809
"41","L.2016.NAM-23","L",2016,"NAM-23",1,"L.2016.NAM-23.01.R","L.2016",67030.3327265421,258.902168253845,0,552.073763557398,3254.4,0.928863479744875,0.232215869936219,0.0774052899787396,0.154810579957479
"42","L.2016.NAM-23","L",2016,"NAM-23",2,"L.2016.NAM-23.02.R","L.2016",67030.3327265421,258.902168253845,0,552.073763557398,3254.4,0.928863479744875,0.232215869936219,0.0774052899787396,0.154810579957479
"43","L.2016.NAM-23","L",2016,"NAM-23",3,"L.2016.NAM-23.03.R","L.2016",67030.3327265421,258.902168253845,0,552.073763557398,3254.4,0.928863479744875,0.232215869936219,0.0774052899787396,0.154810579957479
"44","L.2016.NAM-23","L",2016,"NAM-23",4,"L.2016.NAM-23.04.R","L.2016",67030.3327265421,258.902168253845,0,552.073763557398,3254.4,0.928863479744875,0.232215869936219,0.0774052899787396,0.154810579957479
"45","L.2016.NAM-23","L",2016,"NAM-23",5,"L.2016.NAM-23.05.R","L.2016",67030.3327265421,258.902168253845,0,552.073763557398,3254.4,0.928863479744875,0.232215869936219,0.0774052899787396,0.154810579957479
"46","L.2016.NAM-23","L",2016,"NAM-23",6,"L.2016.NAM-23.06.R","L.2016",67030.3327265421,258.902168253845,0,552.073763557398,3254.4,0.928863479744875,0.232215869936219,0.0774052899787396,0.154810579957479
"47","L.2016.NAM-23","L",2016,"NAM-23",7,"L.2016.NAM-23.07.R","L.2016",67030.3327265421,258.902168253845,0,552.073763557398,3254.4,0.928863479744875,0.232215869936219,0.0774052899787396,0.154810579957479
"48","L.2016.NAM-23","L",2016,"NAM-23",8,"L.2016.NAM-23.08.R","L.2016",67030.3327265421,258.902168253845,0,552.073763557398,3254.4,0.928863479744875,0.232215869936219,0.0774052899787396,0.154810579957479
"49","L.2016.NAM-23","L",2016,"NAM-23",9,"L.2016.NAM-23.09.R","L.2016",67030.3327265421,258.902168253845,0,552.073763557398,3254.4,0.928863479744875,0.232215869936219,0.0774052899787396,0.154810579957479
"50","L.2016.NAM-23","L",2016,"NAM-23",10,"L.2016.NAM-23.10.R","L.2016",67030.3327265421,258.902168253845,0,552.073763557398,3254.4,0.928863479744875,0.232215869936219,0.0774052899787396,0.154810579957479
"51","L.2016.NAM-30","L",2016,"NAM-30",1,"L.2016.NAM-30.01.R","L.2016",9026.07076131,95.0056354186951,0.542661663573115,715.970296392548,1919.72333333333,0.278945712034135,0.0831154682702196,0.137642497885265,0.101692946244807
"52","L.2016.NAM-30","L",2016,"NAM-30",2,"L.2016.NAM-30.02.R","L.2016",9026.07076131,95.0056354186951,0.542661663573115,715.970296392548,1919.72333333333,0.278945712034135,0.0831154682702196,0.137642497885265,0.101692946244807
"53","L.2016.NAM-30","L",2016,"NAM-30",3,"L.2016.NAM-30.03.R","L.2016",9026.07076131,95.0056354186951,0.542661663573115,715.970296392548,1919.72333333333,0.278945712034135,0.0831154682702196,0.137642497885265,0.101692946244807
"54","L.2016.NAM-30","L",2016,"NAM-30",4,"L.2016.NAM-30.04.R","L.2016",9026.07076131,95.0056354186951,0.542661663573115,715.970296392548,1919.72333333333,0.278945712034135,0.0831154682702196,0.137642497885265,0.101692946244807
"55","L.2016.NAM-30","L",2016,"NAM-30",5,"L.2016.NAM-30.05.R","L.2016",9026.07076131,95.0056354186951,0.542661663573115,715.970296392548,1919.72333333333,0.278945712034135,0.0831154682702196,0.137642497885265,0.101692946244807
"56","L.2016.NAM-30","L",2016,"NAM-30",6,"L.2016.NAM-30.06.R","L.2016",9026.07076131,95.0056354186951,0.542661663573115,715.970296392548,1919.72333333333,0.278945712034135,0.0831154682702196,0.137642497885265,0.101692946244807
"57","L.2016.NAM-30","L",2016,"NAM-30",7,"L.2016.NAM-30.07.R","L.2016",9026.07076131,95.0056354186951,0.542661663573115,715.970296392548,1919.72333333333,0.278945712034135,0.0831154682702196,0.137642497885265,0.101692946244807
"58","L.2016.NAM-30","L",2016,"NAM-30",8,"L.2016.NAM-30.08.R","L.2016",9026.07076131,95.0056354186951,0.542661663573115,715.970296392548,1919.72333333333,0.278945712034135,0.0831154682702196,0.137642497885265,0.101692946244807
"59","L.2016.NAM-30","L",2016,"NAM-30",9,"L.2016.NAM-30.09.R","L.2016",9026.07076131,95.0056354186951,0.542661663573115,715.970296392548,1919.72333333333,0.278945712034135,0.0831154682702196,0.137642497885265,0.101692946244807
"60","L.2016.NAM-30","L",2016,"NAM-30",10,"L.2016.NAM-30.10.R","L.2016",9026.07076131,95.0056354186951,0.542661663573115,715.970296392548,1919.72333333333,0.278945712034135,0.0831154682702196,0.137642497885265,0.101692946244807
"61","L.2016.NAM-32","L",2016,"NAM-32",1,"L.2016.NAM-32.01.R","L.2016",2335.03746954543,48.3222254200428,0.697230503394853,762.6537063912,1878.28666666667,0.258768221429888,0.0869538234201113,0.175636429367129,0.123950187943722
"62","L.2016.NAM-32","L",2016,"NAM-32",2,"L.2016.NAM-32.02.R","L.2016",2335.03746954543,48.3222254200428,0.697230503394853,762.6537063912,1878.28666666667,0.258768221429888,0.0869538234201113,0.175636429367129,0.123950187943722
"63","L.2016.NAM-32","L",2016,"NAM-32",3,"L.2016.NAM-32.03.R","L.2016",2335.03746954543,48.3222254200428,0.697230503394853,762.6537063912,1878.28666666667,0.258768221429888,0.0869538234201113,0.175636429367129,0.123950187943722
"64","L.2016.NAM-32","L",2016,"NAM-32",4,"L.2016.NAM-32.04.R","L.2016",2335.03746954543,48.3222254200428,0.697230503394853,762.6537063912,1878.28666666667,0.258768221429888,0.0869538234201113,0.175636429367129,0.123950187943722
"65","L.2016.NAM-32","L",2016,"NAM-32",5,"L.2016.NAM-32.05.R","L.2016",2335.03746954543,48.3222254200428,0.697230503394853,762.6537063912,1878.28666666667,0.258768221429888,0.0869538234201113,0.175636429367129,0.123950187943722
"66","L.2016.NAM-32","L",2016,"NAM-32",6,"L.2016.NAM-32.06.R","L.2016",2335.03746954543,48.3222254200428,0.697230503394853,762.6537063912,1878.28666666667,0.258768221429888,0.0869538234201113,0.175636429367129,0.123950187943722
"67","L.2016.NAM-32","L",2016,"NAM-32",7,"L.2016.NAM-32.07.R","L.2016",2335.03746954543,48.3222254200428,0.697230503394853,762.6537063912,1878.28666666667,0.258768221429888,0.0869538234201113,0.175636429367129,0.123950187943722
"68","L.2016.NAM-32","L",2016,"NAM-32",8,"L.2016.NAM-32.08.R","L.2016",2335.03746954543,48.3222254200428,0.697230503394853,762.6537063912,1878.28666666667,0.258768221429888,0.0869538234201113,0.175636429367129,0.123950187943722
"69","L.2016.NAM-32","L",2016,"NAM-32",9,"L.2016.NAM-32.09.R","L.2016",2335.03746954543,48.3222254200428,0.697230503394853,762.6537063912,1878.28666666667,0.258768221429888,0.0869538234201113,0.175636429367129,0.123950187943722
"70","L.2016.NAM-32","L",2016,"NAM-32",10,"L.2016.NAM-32.10.R","L.2016",2335.03746954543,48.3222254200428,0.697230503394853,762.6537063912,1878.28666666667,0.258768221429888,0.0869538234201113,0.175636429367129,0.123950187943722
"71","L.2016.NAM-37","L",2016,"NAM-37",1,"L.2016.NAM-37.01.R","L.2016",1998.54214227525,44.7050572337767,0.709206952630404,766.270874577466,2472.22333333333,0.547984330621047,0.223800830159146,0.274632064700321,0.224062118655952
"72","L.2016.NAM-37","L",2016,"NAM-37",2,"L.2016.NAM-37.02.R","L.2016",1998.54214227525,44.7050572337767,0.709206952630404,766.270874577466,2472.22333333333,0.547984330621047,0.223800830159146,0.274632064700321,0.224062118655952
"73","L.2016.NAM-37","L",2016,"NAM-37",3,"L.2016.NAM-37.03.R","L.2016",1998.54214227525,44.7050572337767,0.709206952630404,766.270874577466,2472.22333333333,0.547984330621047,0.223800830159146,0.274632064700321,0.224062118655952
"74","L.2016.NAM-37","L",2016,"NAM-37",4,"L.2016.NAM-37.04.R","L.2016",1998.54214227525,44.7050572337767,0.709206952630404,766.270874577466,2472.22333333333,0.547984330621047,0.223800830159146,0.274632064700321,0.224062118655952
"75","L.2016.NAM-37","L",2016,"NAM-37",5,"L.2016.NAM-37.05.R","L.2016",1998.54214227525,44.7050572337767,0.709206952630404,766.270874577466,2472.22333333333,0.547984330621047,0.223800830159146,0.274632064700321,0.224062118655952
"76","L.2016.NAM-37","L",2016,"NAM-37",6,"L.2016.NAM-37.06.R","L.2016",1998.54214227525,44.7050572337767,0.709206952630404,766.270874577466,2472.22333333333,0.547984330621047,0.223800830159146,0.274632064700321,0.224062118655952
"77","L.2016.NAM-37","L",2016,"NAM-37",7,"L.2016.NAM-37.07.R","L.2016",1998.54214227525,44.7050572337767,0.709206952630404,766.270874577466,2472.22333333333,0.547984330621047,0.223800830159146,0.274632064700321,0.224062118655952
"78","L.2016.NAM-37","L",2016,"NAM-37",8,"L.2016.NAM-37.08.R","L.2016",1998.54214227525,44.7050572337767,0.709206952630404,766.270874577466,2472.22333333333,0.547984330621047,0.223800830159146,0.274632064700321,0.224062118655952
"79","L.2016.NAM-37","L",2016,"NAM-37",9,"L.2016.NAM-37.09.R","L.2016",1998.54214227525,44.7050572337767,0.709206952630404,766.270874577466,2472.22333333333,0.547984330621047,0.223800830159146,0.274632064700321,0.224062118655952
"80","L.2016.NAM-37","L",2016,"NAM-37",10,"L.2016.NAM-37.10.R","L.2016",1998.54214227525,44.7050572337767,0.709206952630404,766.270874577466,2472.22333333333,0.547984330621047,0.223800830159146,0.274632064700321,0.224062118655952
"81","L.2016.NAM-43","L",2016,"NAM-43",1,"L.2016.NAM-43.01.R","L.2016",2451.15158924671,49.5091061244971,0.693300739620107,761.466825686746,1785.46333333333,0.2135681103482,0.0786680771138166,0.174236520636338,0.120908281734945
"82","L.2016.NAM-43","L",2016,"NAM-43",2,"L.2016.NAM-43.02.R","L.2016",2451.15158924671,49.5091061244971,0.693300739620107,761.466825686746,1785.46333333333,0.2135681103482,0.0786680771138166,0.174236520636338,0.120908281734945
"83","L.2016.NAM-43","L",2016,"NAM-43",3,"L.2016.NAM-43.03.R","L.2016",2451.15158924671,49.5091061244971,0.693300739620107,761.466825686746,1785.46333333333,0.2135681103482,0.0786680771138166,0.174236520636338,0.120908281734945
"84","L.2016.NAM-43","L",2016,"NAM-43",4,"L.2016.NAM-43.04.R","L.2016",2451.15158924671,49.5091061244971,0.693300739620107,761.466825686746,1785.46333333333,0.2135681103482,0.0786680771138166,0.174236520636338,0.120908281734945
"85","L.2016.NAM-43","L",2016,"NAM-43",5,"L.2016.NAM-43.05.R","L.2016",2451.15158924671,49.5091061244971,0.693300739620107,761.466825686746,1785.46333333333,0.2135681103482,0.0786680771138166,0.174236520636338,0.120908281734945
"86","L.2016.NAM-43","L",2016,"NAM-43",6,"L.2016.NAM-43.06.R","L.2016",2451.15158924671,49.5091061244971,0.693300739620107,761.466825686746,1785.46333333333,0.2135681103482,0.0786680771138166,0.174236520636338,0.120908281734945
"87","L.2016.NAM-43","L",2016,"NAM-43",7,"L.2016.NAM-43.07.R","L.2016",2451.15158924671,49.5091061244971,0.693300739620107,761.466825686746,1785.46333333333,0.2135681103482,0.0786680771138166,0.174236520636338,0.120908281734945
"88","L.2016.NAM-43","L",2016,"NAM-43",8,"L.2016.NAM-43.08.R","L.2016",2451.15158924671,49.5091061244971,0.693300739620107,761.466825686746,1785.46333333333,0.2135681103482,0.0786680771138166,0.174236520636338,0.120908281734945
"89","L.2016.NAM-43","L",2016,"NAM-43",9,"L.2016.NAM-43.09.R","L.2016",2451.15158924671,49.5091061244971,0.693300739620107,761.466825686746,1785.46333333333,0.2135681103482,0.0786680771138166,0.174236520636338,0.120908281734945
"90","L.2016.NAM-43","L",2016,"NAM-43",10,"L.2016.NAM-43.10.R","L.2016",2451.15158924671,49.5091061244971,0.693300739620107,761.466825686746,1785.46333333333,0.2135681103482,0.0786680771138166,0.174236520636338,0.120908281734945
"91","L.2016.NAM-46","L",2016,"NAM-46",1,"L.2016.NAM-46.01.R","L.2016",5522.69440633563,74.3148330169397,0.611168941047329,736.661098794303,2201.525,0.416168392786152,0.115839108216022,0.156678709680353,0.123234600757066
"92","L.2016.NAM-46","L",2016,"NAM-46",2,"L.2016.NAM-46.02.R","L.2016",5522.69440633563,74.3148330169397,0.611168941047329,736.661098794303,2201.525,0.416168392786152,0.115839108216022,0.156678709680353,0.123234600757066
"93","L.2016.NAM-46","L",2016,"NAM-46",3,"L.2016.NAM-46.03.R","L.2016",5522.69440633563,74.3148330169397,0.611168941047329,736.661098794303,2201.525,0.416168392786152,0.115839108216022,0.156678709680353,0.123234600757066
"94","L.2016.NAM-46","L",2016,"NAM-46",4,"L.2016.NAM-46.04.R","L.2016",5522.69440633563,74.3148330169397,0.611168941047329,736.661098794303,2201.525,0.416168392786152,0.115839108216022,0.156678709680353,0.123234600757066
"95","L.2016.NAM-46","L",2016,"NAM-46",5,"L.2016.NAM-46.05.R","L.2016",5522.69440633563,74.3148330169397,0.611168941047329,736.661098794303,2201.525,0.416168392786152,0.115839108216022,0.156678709680353,0.123234600757066
"96","L.2016.NAM-46","L",2016,"NAM-46",6,"L.2016.NAM-46.06.R","L.2016",5522.69440633563,74.3148330169397,0.611168941047329,736.661098794303,2201.525,0.416168392786152,0.115839108216022,0.156678709680353,0.123234600757066
"97","L.2016.NAM-46","L",2016,"NAM-46",7,"L.2016.NAM-46.07.R","L.2016",5522.69440633563,74.3148330169397,0.611168941047329,736.661098794303,2201.525,0.416168392786152,0.115839108216022,0.156678709680353,0.123234600757066
"98","L.2016.NAM-46","L",2016,"NAM-46",8,"L.2016.NAM-46.08.R","L.2016",5522.69440633563,74.3148330169397,0.611168941047329,736.661098794303,2201.525,0.416168392786152,0.115839108216022,0.156678709680353,0.123234600757066
"99","L.2016.NAM-46","L",2016,"NAM-46",9,"L.2016.NAM-46.09.R","L.2016",5522.69440633563,74.3148330169397,0.611168941047329,736.661098794303,2201.525,0.416168392786152,0.115839108216022,0.156678709680353,0.123234600757066
"100","L.2016.NAM-46","L",2016,"NAM-46",10,"L.2016.NAM-46.10.R","L.2016",5522.69440633563,74.3148330169397,0.611168941047329,736.661098794303,2201.525,0.416168392786152,0.115839108216022,0.156678709680353,0.123234600757066
"101","L.2016.NAM-48","L",2016,"NAM-48",1,"L.2016.NAM-48.01.R","L.2016",3652.87161722182,60.4389908686588,0.657111875003338,750.536940942584,2410.92666666667,0.51813605817945,0.21094951963318,0.254786341900527,0.209203995996751
"102","L.2016.NAM-48","L",2016,"NAM-48",2,"L.2016.NAM-48.02.R","L.2016",3652.87161722182,60.4389908686588,0.657111875003338,750.536940942584,2410.92666666667,0.51813605817945,0.21094951963318,0.254786341900527,0.209203995996751
"103","L.2016.NAM-48","L",2016,"NAM-48",3,"L.2016.NAM-48.03.R","L.2016",3652.87161722182,60.4389908686588,0.657111875003338,750.536940942584,2410.92666666667,0.51813605817945,0.21094951963318,0.254786341900527,0.209203995996751
"104","L.2016.NAM-48","L",2016,"NAM-48",4,"L.2016.NAM-48.04.R","L.2016",3652.87161722182,60.4389908686588,0.657111875003338,750.536940942584,2410.92666666667,0.51813605817945,0.21094951963318,0.254786341900527,0.209203995996751
"105","L.2016.NAM-48","L",2016,"NAM-48",5,"L.2016.NAM-48.05.R","L.2016",3652.87161722182,60.4389908686588,0.657111875003338,750.536940942584,2410.92666666667,0.51813605817945,0.21094951963318,0.254786341900527,0.209203995996751
"106","L.2016.NAM-48","L",2016,"NAM-48",6,"L.2016.NAM-48.06.R","L.2016",3652.87161722182,60.4389908686588,0.657111875003338,750.536940942584,2410.92666666667,0.51813605817945,0.21094951963318,0.254786341900527,0.209203995996751
"107","L.2016.NAM-48","L",2016,"NAM-48",7,"L.2016.NAM-48.07.R","L.2016",3652.87161722182,60.4389908686588,0.657111875003338,750.536940942584,2410.92666666667,0.51813605817945,0.21094951963318,0.254786341900527,0.209203995996751
"108","L.2016.NAM-48","L",2016,"NAM-48",8,"L.2016.NAM-48.08.R","L.2016",3652.87161722182,60.4389908686588,0.657111875003338,750.536940942584,2410.92666666667,0.51813605817945,0.21094951963318,0.254786341900527,0.209203995996751
"109","L.2016.NAM-48","L",2016,"NAM-48",9,"L.2016.NAM-48.09.R","L.2016",3652.87161722182,60.4389908686588,0.657111875003338,750.536940942584,2410.92666666667,0.51813605817945,0.21094951963318,0.254786341900527,0.209203995996751
"110","L.2016.NAM-48","L",2016,"NAM-48",10,"L.2016.NAM-48.10.R","L.2016",3652.87161722182,60.4389908686588,0.657111875003338,750.536940942584,2410.92666666667,0.51813605817945,0.21094951963318,0.254786341900527,0.209203995996751
"111","L.2016.NAM-5","L",2016,"NAM-5",1,"L.2016.NAM-5.01.R","L.2016",7596.77759420009,87.1594951465421,0.568640245664276,723.816436664701,2087.54666666667,0.36066690256201,0.101860377628937,0.145302514304588,0.11222897521397
"112","L.2016.NAM-5","L",2016,"NAM-5",2,"L.2016.NAM-5.02.R","L.2016",7596.77759420009,87.1594951465421,0.568640245664276,723.816436664701,2087.54666666667,0.36066690256201,0.101860377628937,0.145302514304588,0.11222897521397
"113","L.2016.NAM-5","L",2016,"NAM-5",3,"L.2016.NAM-5.03.R","L.2016",7596.77759420009,87.1594951465421,0.568640245664276,723.816436664701,2087.54666666667,0.36066690256201,0.101860377628937,0.145302514304588,0.11222897521397
"114","L.2016.NAM-5","L",2016,"NAM-5",4,"L.2016.NAM-5.04.R","L.2016",7596.77759420009,87.1594951465421,0.568640245664276,723.816436664701,2087.54666666667,0.36066690256201,0.101860377628937,0.145302514304588,0.11222897521397
"115","L.2016.NAM-5","L",2016,"NAM-5",5,"L.2016.NAM-5.05.R","L.2016",7596.77759420009,87.1594951465421,0.568640245664276,723.816436664701,2087.54666666667,0.36066690256201,0.101860377628937,0.145302514304588,0.11222897521397
"116","L.2016.NAM-5","L",2016,"NAM-5",6,"L.2016.NAM-5.06.R","L.2016",7596.77759420009,87.1594951465421,0.568640245664276,723.816436664701,2087.54666666667,0.36066690256201,0.101860377628937,0.145302514304588,0.11222897521397
"117","L.2016.NAM-5","L",2016,"NAM-5",7,"L.2016.NAM-5.07.R","L.2016",7596.77759420009,87.1594951465421,0.568640245664276,723.816436664701,2087.54666666667,0.36066690256201,0.101860377628937,0.145302514304588,0.11222897521397
"118","L.2016.NAM-5","L",2016,"NAM-5",8,"L.2016.NAM-5.08.R","L.2016",7596.77759420009,87.1594951465421,0.568640245664276,723.816436664701,2087.54666666667,0.36066690256201,0.101860377628937,0.145302514304588,0.11222897521397
"119","L.2016.NAM-5","L",2016,"NAM-5",9,"L.2016.NAM-5.09.R","L.2016",7596.77759420009,87.1594951465421,0.568640245664276,723.816436664701,2087.54666666667,0.36066690256201,0.101860377628937,0.145302514304588,0.11222897521397
"120","L.2016.NAM-5","L",2016,"NAM-5",10,"L.2016.NAM-5.10.R","L.2016",7596.77759420009,87.1594951465421,0.568640245664276,723.816436664701,2087.54666666667,0.36066690256201,0.101860377628937,0.145302514304588,0.11222897521397
"121","L.2016.NAM-72","L",2016,"NAM-72",1,"L.2016.NAM-72.01.R","L.2016",5295.47399940963,72.7700075540028,0.616283860448892,738.20592425724,2332.17333333333,0.479787301601867,0.130479044977201,0.159174258645869,0.130171004134752
"122","L.2016.NAM-72","L",2016,"NAM-72",2,"L.2016.NAM-72.02.R","L.2016",5295.47399940963,72.7700075540028,0.616283860448892,738.20592425724,2332.17333333333,0.479787301601867,0.130479044977201,0.159174258645869,0.130171004134752
"123","L.2016.NAM-72","L",2016,"NAM-72",3,"L.2016.NAM-72.03.R","L.2016",5295.47399940963,72.7700075540028,0.616283860448892,738.20592425724,2332.17333333333,0.479787301601867,0.130479044977201,0.159174258645869,0.130171004134752
"124","L.2016.NAM-72","L",2016,"NAM-72",4,"L.2016.NAM-72.04.R","L.2016",5295.47399940963,72.7700075540028,0.616283860448892,738.20592425724,2332.17333333333,0.479787301601867,0.130479044977201,0.159174258645869,0.130171004134752
"125","L.2016.NAM-72","L",2016,"NAM-72",5,"L.2016.NAM-72.05.R","L.2016",5295.47399940963,72.7700075540028,0.616283860448892,738.20592425724,2332.17333333333,0.479787301601867,0.130479044977201,0.159174258645869,0.130171004134752
"126","L.2016.NAM-72","L",2016,"NAM-72",6,"L.2016.NAM-72.06.R","L.2016",5295.47399940963,72.7700075540028,0.616283860448892,738.20592425724,2332.17333333333,0.479787301601867,0.130479044977201,0.159174258645869,0.130171004134752
"127","L.2016.NAM-72","L",2016,"NAM-72",7,"L.2016.NAM-72.07.R","L.2016",5295.47399940963,72.7700075540028,0.616283860448892,738.20592425724,2332.17333333333,0.479787301601867,0.130479044977201,0.159174258645869,0.130171004134752
"128","L.2016.NAM-72","L",2016,"NAM-72",8,"L.2016.NAM-72.08.R","L.2016",5295.47399940963,72.7700075540028,0.616283860448892,738.20592425724,2332.17333333333,0.479787301601867,0.130479044977201,0.159174258645869,0.130171004134752
"129","L.2016.NAM-72","L",2016,"NAM-72",9,"L.2016.NAM-72.09.R","L.2016",5295.47399940963,72.7700075540028,0.616283860448892,738.20592425724,2332.17333333333,0.479787301601867,0.130479044977201,0.159174258645869,0.130171004134752
"130","L.2016.NAM-72","L",2016,"NAM-72",10,"L.2016.NAM-72.10.R","L.2016",5295.47399940963,72.7700075540028,0.616283860448892,738.20592425724,2332.17333333333,0.479787301601867,0.130479044977201,0.159174258645869,0.130171004134752
"131","L.2016.NAM-76","L",2016,"NAM-76",1,"L.2016.NAM-76.01.R","L.2016",1946.21179421283,44.1158904955214,0.71115768457557,766.860041315722,2776.43333333333,0.696118698332041,0.27576531099374,0.280520958250713,0.248787873310073
"132","L.2016.NAM-76","L",2016,"NAM-76",2,"L.2016.NAM-76.02.R","L.2016",1946.21179421283,44.1158904955214,0.71115768457557,766.860041315722,2776.43333333333,0.696118698332041,0.27576531099374,0.280520958250713,0.248787873310073
"133","L.2016.NAM-76","L",2016,"NAM-76",3,"L.2016.NAM-76.03.R","L.2016",1946.21179421283,44.1158904955214,0.71115768457557,766.860041315722,2776.43333333333,0.696118698332041,0.27576531099374,0.280520958250713,0.248787873310073
"134","L.2016.NAM-76","L",2016,"NAM-76",4,"L.2016.NAM-76.04.R","L.2016",1946.21179421283,44.1158904955214,0.71115768457557,766.860041315722,2776.43333333333,0.696118698332041,0.27576531099374,0.280520958250713,0.248787873310073
"135","L.2016.NAM-76","L",2016,"NAM-76",5,"L.2016.NAM-76.05.R","L.2016",1946.21179421283,44.1158904955214,0.71115768457557,766.860041315722,2776.43333333333,0.696118698332041,0.27576531099374,0.280520958250713,0.248787873310073
"136","L.2016.NAM-76","L",2016,"NAM-76",6,"L.2016.NAM-76.06.R","L.2016",1946.21179421283,44.1158904955214,0.71115768457557,766.860041315722,2776.43333333333,0.696118698332041,0.27576531099374,0.280520958250713,0.248787873310073
"137","L.2016.NAM-76","L",2016,"NAM-76",7,"L.2016.NAM-76.07.R","L.2016",1946.21179421283,44.1158904955214,0.71115768457557,766.860041315722,2776.43333333333,0.696118698332041,0.27576531099374,0.280520958250713,0.248787873310073
"138","L.2016.NAM-76","L",2016,"NAM-76",8,"L.2016.NAM-76.08.R","L.2016",1946.21179421283,44.1158904955214,0.71115768457557,766.860041315722,2776.43333333333,0.696118698332041,0.27576531099374,0.280520958250713,0.248787873310073
"139","L.2016.NAM-76","L",2016,"NAM-76",9,"L.2016.NAM-76.09.R","L.2016",1946.21179421283,44.1158904955214,0.71115768457557,766.860041315722,2776.43333333333,0.696118698332041,0.27576531099374,0.280520958250713,0.248787873310073
"140","L.2016.NAM-76","L",2016,"NAM-76",10,"L.2016.NAM-76.10.R","L.2016",1946.21179421283,44.1158904955214,0.71115768457557,766.860041315722,2776.43333333333,0.696118698332041,0.27576531099374,0.280520958250713,0.248787873310073
"141","L.2016.NAM-79","L",2016,"NAM-79",1,"L.2016.NAM-79.01.R","L.2016",13976.1167845649,118.22062757643,0.465796790068901,692.755304234813,1447.26666666667,0.0488840125912805,0.0203473939526096,0.058260214492966,0.039029573574043
"142","L.2016.NAM-79","L",2016,"NAM-79",2,"L.2016.NAM-79.02.R","L.2016",13976.1167845649,118.22062757643,0.465796790068901,692.755304234813,1447.26666666667,0.0488840125912805,0.0203473939526096,0.058260214492966,0.039029573574043
"143","L.2016.NAM-79","L",2016,"NAM-79",3,"L.2016.NAM-79.03.R","L.2016",13976.1167845649,118.22062757643,0.465796790068901,692.755304234813,1447.26666666667,0.0488840125912805,0.0203473939526096,0.058260214492966,0.039029573574043
"144","L.2016.NAM-79","L",2016,"NAM-79",4,"L.2016.NAM-79.04.R","L.2016",13976.1167845649,118.22062757643,0.465796790068901,692.755304234813,1447.26666666667,0.0488840125912805,0.0203473939526096,0.058260214492966,0.039029573574043
"145","L.2016.NAM-79","L",2016,"NAM-79",5,"L.2016.NAM-79.05.R","L.2016",13976.1167845649,118.22062757643,0.465796790068901,692.755304234813,1447.26666666667,0.0488840125912805,0.0203473939526096,0.058260214492966,0.039029573574043
"146","L.2016.NAM-79","L",2016,"NAM-79",6,"L.2016.NAM-79.06.R","L.2016",13976.1167845649,118.22062757643,0.465796790068901,692.755304234813,1447.26666666667,0.0488840125912805,0.0203473939526096,0.058260214492966,0.039029573574043
"147","L.2016.NAM-79","L",2016,"NAM-79",7,"L.2016.NAM-79.07.R","L.2016",13976.1167845649,118.22062757643,0.465796790068901,692.755304234813,1447.26666666667,0.0488840125912805,0.0203473939526096,0.058260214492966,0.039029573574043
"148","L.2016.NAM-79","L",2016,"NAM-79",8,"L.2016.NAM-79.08.R","L.2016",13976.1167845649,118.22062757643,0.465796790068901,692.755304234813,1447.26666666667,0.0488840125912805,0.0203473939526096,0.058260214492966,0.039029573574043
"149","L.2016.NAM-79","L",2016,"NAM-79",9,"L.2016.NAM-79.09.R","L.2016",13976.1167845649,118.22062757643,0.465796790068901,692.755304234813,1447.26666666667,0.0488840125912805,0.0203473939526096,0.058260214492966,0.039029573574043
"150","L.2016.NAM-79","L",2016,"NAM-79",10,"L.2016.NAM-79.10.R","L.2016",13976.1167845649,118.22062757643,0.465796790068901,692.755304234813,1447.26666666667,0.0488840125912805,0.0203473939526096,0.058260214492966,0.039029573574043
"151","L.2016.YN04-C1213","L",2016,"YN04-C1213",1,"L.2016.YN04-C1213.01.R","L.2016",45.0569644908262,6.71244847211703,0.835000536652232,804.263483339126,2655.13666666667,0.637053562333494,0.260701010131388,0.323092244644608,0.262567031618989
"152","L.2016.YN04-C1213","L",2016,"YN04-C1213",2,"L.2016.YN04-C1213.02.R","L.2016",45.0569644908262,6.71244847211703,0.835000536652232,804.263483339126,2655.13666666667,0.637053562333494,0.260701010131388,0.323092244644608,0.262567031618989
"153","L.2016.YN04-C1213","L",2016,"YN04-C1213",3,"L.2016.YN04-C1213.03.R","L.2016",45.0569644908262,6.71244847211703,0.835000536652232,804.263483339126,2655.13666666667,0.637053562333494,0.260701010131388,0.323092244644608,0.262567031618989
"154","L.2016.YN04-C1213","L",2016,"YN04-C1213",4,"L.2016.YN04-C1213.04.R","L.2016",45.0569644908262,6.71244847211703,0.835000536652232,804.263483339126,2655.13666666667,0.637053562333494,0.260701010131388,0.323092244644608,0.262567031618989
"155","L.2016.YN04-C1213","L",2016,"YN04-C1213",5,"L.2016.YN04-C1213.05.R","L.2016",45.0569644908262,6.71244847211703,0.835000536652232,804.263483339126,2655.13666666667,0.637053562333494,0.260701010131388,0.323092244644608,0.262567031618989
"156","L.2016.YN04-C1213","L",2016,"YN04-C1213",6,"L.2016.YN04-C1213.06.R","L.2016",45.0569644908262,6.71244847211703,0.835000536652232,804.263483339126,2655.13666666667,0.637053562333494,0.260701010131388,0.323092244644608,0.262567031618989
"157","L.2016.YN04-C1213","L",2016,"YN04-C1213",7,"L.2016.YN04-C1213.07.R","L.2016",45.0569644908262,6.71244847211703,0.835000536652232,804.263483339126,2655.13666666667,0.637053562333494,0.260701010131388,0.323092244644608,0.262567031618989
"158","L.2016.YN04-C1213","L",2016,"YN04-C1213",8,"L.2016.YN04-C1213.08.R","L.2016",45.0569644908262,6.71244847211703,0.835000536652232,804.263483339126,2655.13666666667,0.637053562333494,0.260701010131388,0.323092244644608,0.262567031618989
"159","L.2016.YN04-C1213","L",2016,"YN04-C1213",9,"L.2016.YN04-C1213.09.R","L.2016",45.0569644908262,6.71244847211703,0.835000536652232,804.263483339126,2655.13666666667,0.637053562333494,0.260701010131388,0.323092244644608,0.262567031618989
"160","L.2016.YN04-C1213","L",2016,"YN04-C1213",10,"L.2016.YN04-C1213.10.R","L.2016",45.0569644908262,6.71244847211703,0.835000536652232,804.263483339126,2655.13666666667,0.637053562333494,0.260701010131388,0.323092244644608,0.262567031618989
"161","L.2017.NAM-0","L",2017,"NAM-0",1,"L.2017.NAM-0.01.R","L.2017",45372.3168267625,213.007785836017,0.436752645525071,597.968145975226,2795.30666666667,0.597095992734505,0.153646995627911,0.119991304224802,0.123296897536073
"162","L.2017.NAM-0","L",2017,"NAM-0",2,"L.2017.NAM-0.02.R","L.2017",45372.3168267625,213.007785836017,0.436752645525071,597.968145975226,2795.30666666667,0.597095992734505,0.153646995627911,0.119991304224802,0.123296897536073
"163","L.2017.NAM-0","L",2017,"NAM-0",3,"L.2017.NAM-0.03.R","L.2017",45372.3168267625,213.007785836017,0.436752645525071,597.968145975226,2795.30666666667,0.597095992734505,0.153646995627911,0.119991304224802,0.123296897536073
"164","L.2017.NAM-0","L",2017,"NAM-0",4,"L.2017.NAM-0.04.R","L.2017",45372.3168267625,213.007785836017,0.436752645525071,597.968145975226,2795.30666666667,0.597095992734505,0.153646995627911,0.119991304224802,0.123296897536073
"165","L.2017.NAM-0","L",2017,"NAM-0",5,"L.2017.NAM-0.05.R","L.2017",45372.3168267625,213.007785836017,0.436752645525071,597.968145975226,2795.30666666667,0.597095992734505,0.153646995627911,0.119991304224802,0.123296897536073
"166","L.2017.NAM-0","L",2017,"NAM-0",6,"L.2017.NAM-0.06.R","L.2017",45372.3168267625,213.007785836017,0.436752645525071,597.968145975226,2795.30666666667,0.597095992734505,0.153646995627911,0.119991304224802,0.123296897536073
"167","L.2017.NAM-0","L",2017,"NAM-0",7,"L.2017.NAM-0.07.R","L.2017",45372.3168267625,213.007785836017,0.436752645525071,597.968145975226,2795.30666666667,0.597095992734505,0.153646995627911,0.119991304224802,0.123296897536073
"168","L.2017.NAM-0","L",2017,"NAM-0",8,"L.2017.NAM-0.08.R","L.2017",45372.3168267625,213.007785836017,0.436752645525071,597.968145975226,2795.30666666667,0.597095992734505,0.153646995627911,0.119991304224802,0.123296897536073
"169","L.2017.NAM-0","L",2017,"NAM-0",9,"L.2017.NAM-0.09.R","L.2017",45372.3168267625,213.007785836017,0.436752645525071,597.968145975226,2795.30666666667,0.597095992734505,0.153646995627911,0.119991304224802,0.123296897536073
"170","L.2017.NAM-0","L",2017,"NAM-0",10,"L.2017.NAM-0.10.R","L.2017",45372.3168267625,213.007785836017,0.436752645525071,597.968145975226,2795.30666666667,0.597095992734505,0.153646995627911,0.119991304224802,0.123296897536073
"171","L.2017.NAM-13","L",2017,"NAM-13",1,"L.2017.NAM-13.01.R","L.2017",38887.1529199797,197.198257903004,0.475198362145375,613.777673908239,3080.42333333333,0.723866974504307,0.185248782691829,0.133237068041665,0.144318020758523
"172","L.2017.NAM-13","L",2017,"NAM-13",2,"L.2017.NAM-13.02.R","L.2017",38887.1529199797,197.198257903004,0.475198362145375,613.777673908239,3080.42333333333,0.723866974504307,0.185248782691829,0.133237068041665,0.144318020758523
"173","L.2017.NAM-13","L",2017,"NAM-13",3,"L.2017.NAM-13.03.R","L.2017",38887.1529199797,197.198257903004,0.475198362145375,613.777673908239,3080.42333333333,0.723866974504307,0.185248782691829,0.133237068041665,0.144318020758523
"174","L.2017.NAM-13","L",2017,"NAM-13",4,"L.2017.NAM-13.04.R","L.2017",38887.1529199797,197.198257903004,0.475198362145375,613.777673908239,3080.42333333333,0.723866974504307,0.185248782691829,0.133237068041665,0.144318020758523
"175","L.2017.NAM-13","L",2017,"NAM-13",5,"L.2017.NAM-13.05.R","L.2017",38887.1529199797,197.198257903004,0.475198362145375,613.777673908239,3080.42333333333,0.723866974504307,0.185248782691829,0.133237068041665,0.144318020758523
"176","L.2017.NAM-13","L",2017,"NAM-13",6,"L.2017.NAM-13.06.R","L.2017",38887.1529199797,197.198257903004,0.475198362145375,613.777673908239,3080.42333333333,0.723866974504307,0.185248782691829,0.133237068041665,0.144318020758523
"177","L.2017.NAM-13","L",2017,"NAM-13",7,"L.2017.NAM-13.07.R","L.2017",38887.1529199797,197.198257903004,0.475198362145375,613.777673908239,3080.42333333333,0.723866974504307,0.185248782691829,0.133237068041665,0.144318020758523
"178","L.2017.NAM-13","L",2017,"NAM-13",8,"L.2017.NAM-13.08.R","L.2017",38887.1529199797,197.198257903004,0.475198362145375,613.777673908239,3080.42333333333,0.723866974504307,0.185248782691829,0.133237068041665,0.144318020758523
"179","L.2017.NAM-13","L",2017,"NAM-13",9,"L.2017.NAM-13.09.R","L.2017",38887.1529199797,197.198257903004,0.475198362145375,613.777673908239,3080.42333333333,0.723866974504307,0.185248782691829,0.133237068041665,0.144318020758523
"180","L.2017.NAM-13","L",2017,"NAM-13",10,"L.2017.NAM-13.10.R","L.2017",38887.1529199797,197.198257903004,0.475198362145375,613.777673908239,3080.42333333333,0.723866974504307,0.185248782691829,0.133237068041665,0.144318020758523
"181","L.2017.NAM-14","L",2017,"NAM-14",3,"L.2017.NAM-14.03.R","L.2017",4235.05782224795,65.0773218736601,0.796490945182385,745.898609937583,2670.09333333333,0.541422582327059,0.226130615589504,0.306255582716245,0.240771707018706
"182","L.2017.NAM-14","L",2017,"NAM-14",6,"L.2017.NAM-14.06.R","L.2017",4235.05782224795,65.0773218736601,0.796490945182385,745.898609937583,2670.09333333333,0.541422582327059,0.226130615589504,0.306255582716245,0.240771707018706
"183","L.2017.NAM-14","L",2017,"NAM-14",9,"L.2017.NAM-14.09.R","L.2017",4235.05782224795,65.0773218736601,0.796490945182385,745.898609937583,2670.09333333333,0.541422582327059,0.226130615589504,0.306255582716245,0.240771707018706
"184","L.2017.NAM-17","L",2017,"NAM-17",1,"L.2017.NAM-17.01.R","L.2017",6100.00463767259,78.1025264487174,0.76481616487674,732.873405362526,2329.62333333333,0.39003993371597,0.116491657876552,0.193947033226214,0.14308844544837
"185","L.2017.NAM-17","L",2017,"NAM-17",2,"L.2017.NAM-17.02.R","L.2017",6100.00463767259,78.1025264487174,0.76481616487674,732.873405362526,2329.62333333333,0.39003993371597,0.116491657876552,0.193947033226214,0.14308844544837
"186","L.2017.NAM-17","L",2017,"NAM-17",3,"L.2017.NAM-17.03.R","L.2017",6100.00463767259,78.1025264487174,0.76481616487674,732.873405362526,2329.62333333333,0.39003993371597,0.116491657876552,0.193947033226214,0.14308844544837
"187","L.2017.NAM-17","L",2017,"NAM-17",4,"L.2017.NAM-17.04.R","L.2017",6100.00463767259,78.1025264487174,0.76481616487674,732.873405362526,2329.62333333333,0.39003993371597,0.116491657876552,0.193947033226214,0.14308844544837
"188","L.2017.NAM-17","L",2017,"NAM-17",5,"L.2017.NAM-17.05.R","L.2017",6100.00463767259,78.1025264487174,0.76481616487674,732.873405362526,2329.62333333333,0.39003993371597,0.116491657876552,0.193947033226214,0.14308844544837
"189","L.2017.NAM-17","L",2017,"NAM-17",6,"L.2017.NAM-17.06.R","L.2017",6100.00463767259,78.1025264487174,0.76481616487674,732.873405362526,2329.62333333333,0.39003993371597,0.116491657876552,0.193947033226214,0.14308844544837
"190","L.2017.NAM-17","L",2017,"NAM-17",7,"L.2017.NAM-17.07.R","L.2017",6100.00463767259,78.1025264487174,0.76481616487674,732.873405362526,2329.62333333333,0.39003993371597,0.116491657876552,0.193947033226214,0.14308844544837
"191","L.2017.NAM-17","L",2017,"NAM-17",8,"L.2017.NAM-17.08.R","L.2017",6100.00463767259,78.1025264487174,0.76481616487674,732.873405362526,2329.62333333333,0.39003993371597,0.116491657876552,0.193947033226214,0.14308844544837
"192","L.2017.NAM-17","L",2017,"NAM-17",9,"L.2017.NAM-17.09.R","L.2017",6100.00463767259,78.1025264487174,0.76481616487674,732.873405362526,2329.62333333333,0.39003993371597,0.116491657876552,0.193947033226214,0.14308844544837
"193","L.2017.NAM-17","L",2017,"NAM-17",10,"L.2017.NAM-17.10.R","L.2017",6100.00463767259,78.1025264487174,0.76481616487674,732.873405362526,2329.62333333333,0.39003993371597,0.116491657876552,0.193947033226214,0.14308844544837
"194","L.2017.NAM-23","L",2017,"NAM-23",3,"L.2017.NAM-23.03.R","L.2017",4384.02290182511,66.2119543724931,0.793731738221674,744.76397743875,2853.28333333333,0.622874068211469,0.253776446156145,0.30766415220156,0.252237757025825
"195","L.2017.NAM-23","L",2017,"NAM-23",6,"L.2017.NAM-23.06.R","L.2017",4384.02290182511,66.2119543724931,0.793731738221674,744.76397743875,2853.28333333333,0.622874068211469,0.253776446156145,0.30766415220156,0.252237757025825
"196","L.2017.NAM-23","L",2017,"NAM-23",9,"L.2017.NAM-23.09.R","L.2017",4384.02290182511,66.2119543724931,0.793731738221674,744.76397743875,2853.28333333333,0.622874068211469,0.253776446156145,0.30766415220156,0.252237757025825
"197","L.2017.NAM-30","L",2017,"NAM-30",3,"L.2017.NAM-30.03.R","L.2017",20980.6892160247,144.847123602869,0.602506203504235,666.128808208374,2419.01666666667,0.42978675301921,0.118598985933992,0.154826071331775,0.123348014704093
"198","L.2017.NAM-30","L",2017,"NAM-30",6,"L.2017.NAM-30.06.R","L.2017",20980.6892160247,144.847123602869,0.602506203504235,666.128808208374,2419.01666666667,0.42978675301921,0.118598985933992,0.154826071331775,0.123348014704093
"199","L.2017.NAM-30","L",2017,"NAM-30",9,"L.2017.NAM-30.09.R","L.2017",20980.6892160247,144.847123602869,0.602506203504235,666.128808208374,2419.01666666667,0.42978675301921,0.118598985933992,0.154826071331775,0.123348014704093
"200","L.2017.NAM-32","L",2017,"NAM-32",1,"L.2017.NAM-32.01.R","L.2017",64215.2367826788,253.407254794883,0.338508944524991,557.56867701636,2506.38666666667,0.468633940757192,0.0602533459102924,0.0466017502379878,0.0481754660325321
"201","L.2017.NAM-32","L",2017,"NAM-32",2,"L.2017.NAM-32.02.R","L.2017",64215.2367826788,253.407254794883,0.338508944524991,557.56867701636,2506.38666666667,0.468633940757192,0.0602533459102924,0.0466017502379878,0.0481754660325321
"202","L.2017.NAM-32","L",2017,"NAM-32",3,"L.2017.NAM-32.03.R","L.2017",64215.2367826788,253.407254794883,0.338508944524991,557.56867701636,2506.38666666667,0.468633940757192,0.0602533459102924,0.0466017502379878,0.0481754660325321
"203","L.2017.NAM-32","L",2017,"NAM-32",4,"L.2017.NAM-32.04.R","L.2017",64215.2367826788,253.407254794883,0.338508944524991,557.56867701636,2506.38666666667,0.468633940757192,0.0602533459102924,0.0466017502379878,0.0481754660325321
"204","L.2017.NAM-32","L",2017,"NAM-32",5,"L.2017.NAM-32.05.R","L.2017",64215.2367826788,253.407254794883,0.338508944524991,557.56867701636,2506.38666666667,0.468633940757192,0.0602533459102924,0.0466017502379878,0.0481754660325321
"205","L.2017.NAM-32","L",2017,"NAM-32",6,"L.2017.NAM-32.06.R","L.2017",64215.2367826788,253.407254794883,0.338508944524991,557.56867701636,2506.38666666667,0.468633940757192,0.0602533459102924,0.0466017502379878,0.0481754660325321
"206","L.2017.NAM-32","L",2017,"NAM-32",7,"L.2017.NAM-32.07.R","L.2017",64215.2367826788,253.407254794883,0.338508944524991,557.56867701636,2506.38666666667,0.468633940757192,0.0602533459102924,0.0466017502379878,0.0481754660325321
"207","L.2017.NAM-32","L",2017,"NAM-32",8,"L.2017.NAM-32.08.R","L.2017",64215.2367826788,253.407254794883,0.338508944524991,557.56867701636,2506.38666666667,0.468633940757192,0.0602533459102924,0.0466017502379878,0.0481754660325321
"208","L.2017.NAM-32","L",2017,"NAM-32",9,"L.2017.NAM-32.09.R","L.2017",64215.2367826788,253.407254794883,0.338508944524991,557.56867701636,2506.38666666667,0.468633940757192,0.0602533459102924,0.0466017502379878,0.0481754660325321
"209","L.2017.NAM-32","L",2017,"NAM-32",10,"L.2017.NAM-32.10.R","L.2017",64215.2367826788,253.407254794883,0.338508944524991,557.56867701636,2506.38666666667,0.468633940757192,0.0602533459102924,0.0466017502379878,0.0481754660325321
"210","L.2017.NAM-37","L",2017,"NAM-37",1,"L.2017.NAM-37.01.R","L.2017",83603.6328536874,289.142928071373,0.251606693310088,521.833003739869,3167.18333333333,0.76244293888736,0.191760466968617,0.0894067091428703,0.133814253847309
"211","L.2017.NAM-37","L",2017,"NAM-37",2,"L.2017.NAM-37.02.R","L.2017",83603.6328536874,289.142928071373,0.251606693310088,521.833003739869,3167.18333333333,0.76244293888736,0.191760466968617,0.0894067091428703,0.133814253847309
"212","L.2017.NAM-37","L",2017,"NAM-37",3,"L.2017.NAM-37.03.R","L.2017",83603.6328536874,289.142928071373,0.251606693310088,521.833003739869,3167.18333333333,0.76244293888736,0.191760466968617,0.0894067091428703,0.133814253847309
"213","L.2017.NAM-37","L",2017,"NAM-37",4,"L.2017.NAM-37.04.R","L.2017",83603.6328536874,289.142928071373,0.251606693310088,521.833003739869,3167.18333333333,0.76244293888736,0.191760466968617,0.0894067091428703,0.133814253847309
"214","L.2017.NAM-37","L",2017,"NAM-37",5,"L.2017.NAM-37.05.R","L.2017",83603.6328536874,289.142928071373,0.251606693310088,521.833003739869,3167.18333333333,0.76244293888736,0.191760466968617,0.0894067091428703,0.133814253847309
"215","L.2017.NAM-37","L",2017,"NAM-37",6,"L.2017.NAM-37.06.R","L.2017",83603.6328536874,289.142928071373,0.251606693310088,521.833003739869,3167.18333333333,0.76244293888736,0.191760466968617,0.0894067091428703,0.133814253847309
"216","L.2017.NAM-37","L",2017,"NAM-37",7,"L.2017.NAM-37.07.R","L.2017",83603.6328536874,289.142928071373,0.251606693310088,521.833003739869,3167.18333333333,0.76244293888736,0.191760466968617,0.0894067091428703,0.133814253847309
"217","L.2017.NAM-37","L",2017,"NAM-37",8,"L.2017.NAM-37.08.R","L.2017",83603.6328536874,289.142928071373,0.251606693310088,521.833003739869,3167.18333333333,0.76244293888736,0.191760466968617,0.0894067091428703,0.133814253847309
"218","L.2017.NAM-37","L",2017,"NAM-37",9,"L.2017.NAM-37.09.R","L.2017",83603.6328536874,289.142928071373,0.251606693310088,521.833003739869,3167.18333333333,0.76244293888736,0.191760466968617,0.0894067091428703,0.133814253847309
"219","L.2017.NAM-37","L",2017,"NAM-37",10,"L.2017.NAM-37.10.R","L.2017",83603.6328536874,289.142928071373,0.251606693310088,521.833003739869,3167.18333333333,0.76244293888736,0.191760466968617,0.0894067091428703,0.133814253847309
"220","L.2017.NAM-43","L",2017,"NAM-43",1,"L.2017.NAM-43.01.R","L.2017",6251.86933246652,79.0687633169162,0.762466463545981,731.907168494327,1846.99666666667,0.17545038664768,0.0772082614501238,0.191176525655131,0.13039874170822
"221","L.2017.NAM-43","L",2017,"NAM-43",2,"L.2017.NAM-43.02.R","L.2017",6251.86933246652,79.0687633169162,0.762466463545981,731.907168494327,1846.99666666667,0.17545038664768,0.0772082614501238,0.191176525655131,0.13039874170822
"222","L.2017.NAM-43","L",2017,"NAM-43",3,"L.2017.NAM-43.03.R","L.2017",6251.86933246652,79.0687633169162,0.762466463545981,731.907168494327,1846.99666666667,0.17545038664768,0.0772082614501238,0.191176525655131,0.13039874170822
"223","L.2017.NAM-43","L",2017,"NAM-43",4,"L.2017.NAM-43.04.R","L.2017",6251.86933246652,79.0687633169162,0.762466463545981,731.907168494327,1846.99666666667,0.17545038664768,0.0772082614501238,0.191176525655131,0.13039874170822
"224","L.2017.NAM-43","L",2017,"NAM-43",5,"L.2017.NAM-43.05.R","L.2017",6251.86933246652,79.0687633169162,0.762466463545981,731.907168494327,1846.99666666667,0.17545038664768,0.0772082614501238,0.191176525655131,0.13039874170822
"225","L.2017.NAM-43","L",2017,"NAM-43",6,"L.2017.NAM-43.06.R","L.2017",6251.86933246652,79.0687633169162,0.762466463545981,731.907168494327,1846.99666666667,0.17545038664768,0.0772082614501238,0.191176525655131,0.13039874170822
"226","L.2017.NAM-43","L",2017,"NAM-43",7,"L.2017.NAM-43.07.R","L.2017",6251.86933246652,79.0687633169162,0.762466463545981,731.907168494327,1846.99666666667,0.17545038664768,0.0772082614501238,0.191176525655131,0.13039874170822
"227","L.2017.NAM-43","L",2017,"NAM-43",8,"L.2017.NAM-43.08.R","L.2017",6251.86933246652,79.0687633169162,0.762466463545981,731.907168494327,1846.99666666667,0.17545038664768,0.0772082614501238,0.191176525655131,0.13039874170822
"228","L.2017.NAM-43","L",2017,"NAM-43",9,"L.2017.NAM-43.09.R","L.2017",6251.86933246652,79.0687633169162,0.762466463545981,731.907168494327,1846.99666666667,0.17545038664768,0.0772082614501238,0.191176525655131,0.13039874170822
"229","L.2017.NAM-43","L",2017,"NAM-43",10,"L.2017.NAM-43.10.R","L.2017",6251.86933246652,79.0687633169162,0.762466463545981,731.907168494327,1846.99666666667,0.17545038664768,0.0772082614501238,0.191176525655131,0.13039874170822
"230","L.2017.NAM-46","L",2017,"NAM-46",3,"L.2017.NAM-46.03.R","L.2017",4335.96659546378,65.8480568844957,0.794616666586497,745.127874926747,2183.9,0.325247193784591,0.104863909173847,0.200494641075829,0.143100720539551
"231","L.2017.NAM-46","L",2017,"NAM-46",6,"L.2017.NAM-46.06.R","L.2017",4335.96659546378,65.8480568844957,0.794616666586497,745.127874926747,2183.9,0.325247193784591,0.104863909173847,0.200494641075829,0.143100720539551
"232","L.2017.NAM-46","L",2017,"NAM-46",9,"L.2017.NAM-46.09.R","L.2017",4335.96659546378,65.8480568844957,0.794616666586497,745.127874926747,2183.9,0.325247193784591,0.104863909173847,0.200494641075829,0.143100720539551
"233","L.2017.NAM-48","L",2017,"NAM-48",3,"L.2017.NAM-48.03.R","L.2017",33761.8848862,183.744074424728,0.507916336240178,627.231857386515,2667.60666666667,0.540316939579642,0.212333043287472,0.202088835539191,0.185391713645789
"234","L.2017.NAM-48","L",2017,"NAM-48",6,"L.2017.NAM-48.06.R","L.2017",33761.8848862,183.744074424728,0.507916336240178,627.231857386515,2667.60666666667,0.540316939579642,0.212333043287472,0.202088835539191,0.185391713645789
"235","L.2017.NAM-48","L",2017,"NAM-48",9,"L.2017.NAM-48.09.R","L.2017",33761.8848862,183.744074424728,0.507916336240178,627.231857386515,2667.60666666667,0.540316939579642,0.212333043287472,0.202088835539191,0.185391713645789
"236","L.2017.NAM-5","L",2017,"NAM-5",3,"L.2017.NAM-5.03.R","L.2017",1968.2502564806,44.3649665443421,0.846859390521425,766.610965266901,1813.75666666667,0.160670936946289,0.0812022157404615,0.21213780564058,0.143661057246786
"237","L.2017.NAM-5","L",2017,"NAM-5",6,"L.2017.NAM-5.06.R","L.2017",1968.2502564806,44.3649665443421,0.846859390521425,766.610965266901,1813.75666666667,0.160670936946289,0.0812022157404615,0.21213780564058,0.143661057246786
"238","L.2017.NAM-5","L",2017,"NAM-5",9,"L.2017.NAM-5.09.R","L.2017",1968.2502564806,44.3649665443421,0.846859390521425,766.610965266901,1813.75666666667,0.160670936946289,0.0812022157404615,0.21213780564058,0.143661057246786
"239","L.2017.NAM-72","L",2017,"NAM-72",1,"L.2017.NAM-72.01.R","L.2017",2516.22397704936,50.1619774037005,0.83276218042837,760.813954407542,2588.07666666667,0.504955638895177,0.21608427986914,0.318600843523737,0.243473952200724
"240","L.2017.NAM-72","L",2017,"NAM-72",2,"L.2017.NAM-72.02.R","L.2017",2516.22397704936,50.1619774037005,0.83276218042837,760.813954407542,2588.07666666667,0.504955638895177,0.21608427986914,0.318600843523737,0.243473952200724
"241","L.2017.NAM-72","L",2017,"NAM-72",3,"L.2017.NAM-72.03.R","L.2017",2516.22397704936,50.1619774037005,0.83276218042837,760.813954407542,2588.07666666667,0.504955638895177,0.21608427986914,0.318600843523737,0.243473952200724
"242","L.2017.NAM-72","L",2017,"NAM-72",4,"L.2017.NAM-72.04.R","L.2017",2516.22397704936,50.1619774037005,0.83276218042837,760.813954407542,2588.07666666667,0.504955638895177,0.21608427986914,0.318600843523737,0.243473952200724
"243","L.2017.NAM-72","L",2017,"NAM-72",5,"L.2017.NAM-72.05.R","L.2017",2516.22397704936,50.1619774037005,0.83276218042837,760.813954407542,2588.07666666667,0.504955638895177,0.21608427986914,0.318600843523737,0.243473952200724
"244","L.2017.NAM-72","L",2017,"NAM-72",6,"L.2017.NAM-72.06.R","L.2017",2516.22397704936,50.1619774037005,0.83276218042837,760.813954407542,2588.07666666667,0.504955638895177,0.21608427986914,0.318600843523737,0.243473952200724
"245","L.2017.NAM-72","L",2017,"NAM-72",7,"L.2017.NAM-72.07.R","L.2017",2516.22397704936,50.1619774037005,0.83276218042837,760.813954407542,2588.07666666667,0.504955638895177,0.21608427986914,0.318600843523737,0.243473952200724
"246","L.2017.NAM-72","L",2017,"NAM-72",8,"L.2017.NAM-72.08.R","L.2017",2516.22397704936,50.1619774037005,0.83276218042837,760.813954407542,2588.07666666667,0.504955638895177,0.21608427986914,0.318600843523737,0.243473952200724
"247","L.2017.NAM-72","L",2017,"NAM-72",9,"L.2017.NAM-72.09.R","L.2017",2516.22397704936,50.1619774037005,0.83276218042837,760.813954407542,2588.07666666667,0.504955638895177,0.21608427986914,0.318600843523737,0.243473952200724
"248","L.2017.NAM-72","L",2017,"NAM-72",10,"L.2017.NAM-72.10.R","L.2017",2516.22397704936,50.1619774037005,0.83276218042837,760.813954407542,2588.07666666667,0.504955638895177,0.21608427986914,0.318600843523737,0.243473952200724
"249","L.2017.NAM-76","L",2017,"NAM-76",3,"L.2017.NAM-76.03.R","L.2017",70704.4007316575,265.902991204795,0.308121728473186,545.072940606447,3238.12,0.793983399085445,0.20014969643867,0.101545714733939,0.141945670121097
"250","L.2017.NAM-76","L",2017,"NAM-76",6,"L.2017.NAM-76.06.R","L.2017",70704.4007316575,265.902991204795,0.308121728473186,545.072940606447,3238.12,0.793983399085445,0.20014969643867,0.101545714733939,0.141945670121097
"251","L.2017.NAM-76","L",2017,"NAM-76",9,"L.2017.NAM-76.09.R","L.2017",70704.4007316575,265.902991204795,0.308121728473186,545.072940606447,3238.12,0.793983399085445,0.20014969643867,0.101545714733939,0.141945670121097
"252","L.2017.NAM-79","L",2017,"NAM-79",3,"L.2017.NAM-79.03.R","L.2017",14564.8691920507,120.68499986349,0.661263818922284,690.290931947753,1452.39666666667,0,0.0551053182435236,0.165315954730571,0.110210636487047
"253","L.2017.NAM-79","L",2017,"NAM-79",6,"L.2017.NAM-79.06.R","L.2017",14564.8691920507,120.68499986349,0.661263818922284,690.290931947753,1452.39666666667,0,0.0551053182435236,0.165315954730571,0.110210636487047
"254","L.2017.NAM-79","L",2017,"NAM-79",9,"L.2017.NAM-79.09.R","L.2017",14564.8691920507,120.68499986349,0.661263818922284,690.290931947753,1452.39666666667,0,0.0551053182435236,0.165315954730571,0.110210636487047
"255","L.2017.YN04-C1213","L",2017,"YN04-C1213",1,"L.2017.YN04-C1213.01.R","L.2017",12134.1759808077,110.155235830203,0.686870170093408,700.82069598104,2870.47,0.63051574918423,0.251549622971303,0.269364581731441,0.233096109541416
"256","L.2017.YN04-C1213","L",2017,"YN04-C1213",2,"L.2017.YN04-C1213.02.R","L.2017",12134.1759808077,110.155235830203,0.686870170093408,700.82069598104,2870.47,0.63051574918423,0.251549622971303,0.269364581731441,0.233096109541416
"257","L.2017.YN04-C1213","L",2017,"YN04-C1213",3,"L.2017.YN04-C1213.03.R","L.2017",12134.1759808077,110.155235830203,0.686870170093408,700.82069598104,2870.47,0.63051574918423,0.251549622971303,0.269364581731441,0.233096109541416
"258","L.2017.YN04-C1213","L",2017,"YN04-C1213",4,"L.2017.YN04-C1213.04.R","L.2017",12134.1759808077,110.155235830203,0.686870170093408,700.82069598104,2870.47,0.63051574918423,0.251549622971303,0.269364581731441,0.233096109541416
"259","L.2017.YN04-C1213","L",2017,"YN04-C1213",5,"L.2017.YN04-C1213.05.R","L.2017",12134.1759808077,110.155235830203,0.686870170093408,700.82069598104,2870.47,0.63051574918423,0.251549622971303,0.269364581731441,0.233096109541416
"260","L.2017.YN04-C1213","L",2017,"YN04-C1213",6,"L.2017.YN04-C1213.06.R","L.2017",12134.1759808077,110.155235830203,0.686870170093408,700.82069598104,2870.47,0.63051574918423,0.251549622971303,0.269364581731441,0.233096109541416
"261","L.2017.YN04-C1213","L",2017,"YN04-C1213",7,"L.2017.YN04-C1213.07.R","L.2017",12134.1759808077,110.155235830203,0.686870170093408,700.82069598104,2870.47,0.63051574918423,0.251549622971303,0.269364581731441,0.233096109541416
"262","L.2017.YN04-C1213","L",2017,"YN04-C1213",8,"L.2017.YN04-C1213.08.R","L.2017",12134.1759808077,110.155235830203,0.686870170093408,700.82069598104,2870.47,0.63051574918423,0.251549622971303,0.269364581731441,0.233096109541416
"263","L.2017.YN04-C1213","L",2017,"YN04-C1213",9,"L.2017.YN04-C1213.09.R","L.2017",12134.1759808077,110.155235830203,0.686870170093408,700.82069598104,2870.47,0.63051574918423,0.251549622971303,0.269364581731441,0.233096109541416
"264","L.2017.YN04-C1213","L",2017,"YN04-C1213",10,"L.2017.YN04-C1213.10.R","L.2017",12134.1759808077,110.155235830203,0.686870170093408,700.82069598104,2870.47,0.63051574918423,0.251549622971303,0.269364581731441,0.233096109541416
"265","M.2017.NAM-0","M",2017,"NAM-0",3,"M.2017.NAM-0.03.R","M.2017",60274.6677129424,245.508997213834,0.558035226481766,565.466934597409,2862.96333333333,0.567345892190129,0.223897841047949,0.220953586307453,0.198947963576467
"266","M.2017.NAM-0","M",2017,"NAM-0",6,"M.2017.NAM-0.06.R","M.2017",60274.6677129424,245.508997213834,0.558035226481766,565.466934597409,2862.96333333333,0.567345892190129,0.223897841047949,0.220953586307453,0.198947963576467
"267","M.2017.NAM-0","M",2017,"NAM-0",9,"M.2017.NAM-0.09.R","M.2017",60274.6677129424,245.508997213834,0.558035226481766,565.466934597409,2862.96333333333,0.567345892190129,0.223897841047949,0.220953586307453,0.198947963576467
"268","M.2017.NAM-13","M",2017,"NAM-13",3,"M.2017.NAM-13.03.R","M.2017",78147.623744169,279.548964841884,0.497022961362363,531.426966969359,3251.85,0.734314636893466,0.188193046898311,0.13850652820176,0.147784547575685
"269","M.2017.NAM-13","M",2017,"NAM-13",6,"M.2017.NAM-13.06.R","M.2017",78147.623744169,279.548964841884,0.497022961362363,531.426966969359,3251.85,0.734314636893466,0.188193046898311,0.13850652820176,0.147784547575685
"270","M.2017.NAM-13","M",2017,"NAM-13",9,"M.2017.NAM-13.09.R","M.2017",78147.623744169,279.548964841884,0.497022961362363,531.426966969359,3251.85,0.734314636893466,0.188193046898311,0.13850652820176,0.147784547575685
"271","M.2017.NAM-14","M",2017,"NAM-14",3,"M.2017.NAM-14.03.R","M.2017",442.162823344181,21.027668043418,0.960389145244462,789.948263767825,2578.39666666667,0.445167007722298,0.137080427861388,0.242946316908222,0.176424438898846
"272","M.2017.NAM-14","M",2017,"NAM-14",6,"M.2017.NAM-14.06.R","M.2017",442.162823344181,21.027668043418,0.960389145244462,789.948263767825,2578.39666666667,0.445167007722298,0.137080427861388,0.242946316908222,0.176424438898846
"273","M.2017.NAM-14","M",2017,"NAM-14",9,"M.2017.NAM-14.09.R","M.2017",442.162823344181,21.027668043418,0.960389145244462,789.948263767825,2578.39666666667,0.445167007722298,0.137080427861388,0.242946316908222,0.176424438898846
"274","M.2017.NAM-17","M",2017,"NAM-17",3,"M.2017.NAM-17.03.R","M.2017",20040.0589268564,141.562915083211,0.744345213329425,669.413016728032,2461.72666666667,0.39507466690868,0.116631117456071,0.188976265446272,0.140449060461182
"275","M.2017.NAM-17","M",2017,"NAM-17",6,"M.2017.NAM-17.06.R","M.2017",20040.0589268564,141.562915083211,0.744345213329425,669.413016728032,2461.72666666667,0.39507466690868,0.116631117456071,0.188976265446272,0.140449060461182
"276","M.2017.NAM-17","M",2017,"NAM-17",9,"M.2017.NAM-17.09.R","M.2017",20040.0589268564,141.562915083211,0.744345213329425,669.413016728032,2461.72666666667,0.39507466690868,0.116631117456071,0.188976265446272,0.140449060461182
"277","M.2017.NAM-23","M",2017,"NAM-23",3,"M.2017.NAM-23.03.R","M.2017",156942.125888277,396.159217850951,0.288014076572266,414.816713960292,3540.12333333333,0.858084981119154,0.215859725247801,0.101477926224412,0.150855149722989
"278","M.2017.NAM-23","M",2017,"NAM-23",6,"M.2017.NAM-23.06.R","M.2017",156942.125888277,396.159217850951,0.288014076572266,414.816713960292,3540.12333333333,0.858084981119154,0.215859725247801,0.101477926224412,0.150855149722989
"279","M.2017.NAM-23","M",2017,"NAM-23",9,"M.2017.NAM-23.09.R","M.2017",156942.125888277,396.159217850951,0.288014076572266,414.816713960292,3540.12333333333,0.858084981119154,0.215859725247801,0.101477926224412,0.150855149722989
"280","M.2017.NAM-30","M",2017,"NAM-30",3,"M.2017.NAM-30.03.R","M.2017",94315.4369356845,307.108184416639,0.44762660383489,503.867747394604,2756.79,0.521760302075693,0.135668967319247,0.120056699595815,0.114576925794526
"281","M.2017.NAM-30","M",2017,"NAM-30",6,"M.2017.NAM-30.06.R","M.2017",94315.4369356845,307.108184416639,0.44762660383489,503.867747394604,2756.79,0.521760302075693,0.135668967319247,0.120056699595815,0.114576925794526
"282","M.2017.NAM-30","M",2017,"NAM-30",9,"M.2017.NAM-30.09.R","M.2017",94315.4369356845,307.108184416639,0.44762660383489,503.867747394604,2756.79,0.521760302075693,0.135668967319247,0.120056699595815,0.114576925794526
"283","M.2017.NAM-32","M",2017,"NAM-32",3,"M.2017.NAM-32.03.R","M.2017",75925.0316266843,275.544972058436,0.504199603593909,535.430959752807,2552.47,0.434035376430383,0.116359643998259,0.131136640738756,0.110880810414872
"284","M.2017.NAM-32","M",2017,"NAM-32",6,"M.2017.NAM-32.06.R","M.2017",75925.0316266843,275.544972058436,0.504199603593909,535.430959752807,2552.47,0.434035376430383,0.116359643998259,0.131136640738756,0.110880810414872
"285","M.2017.NAM-32","M",2017,"NAM-32",9,"M.2017.NAM-32.09.R","M.2017",75925.0316266843,275.544972058436,0.504199603593909,535.430959752807,2552.47,0.434035376430383,0.116359643998259,0.131136640738756,0.110880810414872
"286","M.2017.NAM-37","M",2017,"NAM-37",3,"M.2017.NAM-37.03.R","M.2017",288.086294999855,16.9731050488664,0.9676564280771,794.002826762376,2600.61666666667,0.454707179256356,0.139373263133283,0.244863755825698,0.17819446163502
"287","M.2017.NAM-37","M",2017,"NAM-37",6,"M.2017.NAM-37.06.R","M.2017",288.086294999855,16.9731050488664,0.9676564280771,794.002826762376,2600.61666666667,0.454707179256356,0.139373263133283,0.244863755825698,0.17819446163502
"288","M.2017.NAM-37","M",2017,"NAM-37",9,"M.2017.NAM-37.09.R","M.2017",288.086294999855,16.9731050488664,0.9676564280771,794.002826762376,2600.61666666667,0.454707179256356,0.139373263133283,0.244863755825698,0.17819446163502
"289","M.2017.NAM-43","M",2017,"NAM-43",3,"M.2017.NAM-43.03.R","M.2017",136409.280546169,369.336270282474,0.336090761198228,441.639661528769,2451.23666666667,0.390570778547192,0.050790056668109,0.0450531809773839,0.0429391149071828
"290","M.2017.NAM-43","M",2017,"NAM-43",6,"M.2017.NAM-43.06.R","M.2017",136409.280546169,369.336270282474,0.336090761198228,441.639661528769,2451.23666666667,0.390570778547192,0.050790056668109,0.0450531809773839,0.0429391149071828
"291","M.2017.NAM-43","M",2017,"NAM-43",9,"M.2017.NAM-43.09.R","M.2017",136409.280546169,369.336270282474,0.336090761198228,441.639661528769,2451.23666666667,0.390570778547192,0.050790056668109,0.0450531809773839,0.0429391149071828
"292","M.2017.NAM-46","M",2017,"NAM-46",3,"M.2017.NAM-46.03.R","M.2017",21014.0565000097,144.96225888144,0.738252326658209,666.013672929803,1745.06333333333,0.087374795973936,0.0652838722511817,0.184706652472197,0.123900817501086
"293","M.2017.NAM-46","M",2017,"NAM-46",6,"M.2017.NAM-46.06.R","M.2017",21014.0565000097,144.96225888144,0.738252326658209,666.013672929803,1745.06333333333,0.087374795973936,0.0652838722511817,0.184706652472197,0.123900817501086
"294","M.2017.NAM-46","M",2017,"NAM-46",9,"M.2017.NAM-46.09.R","M.2017",21014.0565000097,144.96225888144,0.738252326658209,666.013672929803,1745.06333333333,0.087374795973936,0.0652838722511817,0.184706652472197,0.123900817501086
"295","M.2017.NAM-48","M",2017,"NAM-48",3,"M.2017.NAM-48.03.R","M.2017",40554.1417407014,201.38058928482,0.637129723670521,609.595342526423,2704.32,0.49923227325517,0.135632009514721,0.164625868463916,0.134903993376771
"296","M.2017.NAM-48","M",2017,"NAM-48",6,"M.2017.NAM-48.06.R","M.2017",40554.1417407014,201.38058928482,0.637129723670521,609.595342526423,2704.32,0.49923227325517,0.135632009514721,0.164625868463916,0.134903993376771
"297","M.2017.NAM-48","M",2017,"NAM-48",9,"M.2017.NAM-48.09.R","M.2017",40554.1417407014,201.38058928482,0.637129723670521,609.595342526423,2704.32,0.49923227325517,0.135632009514721,0.164625868463916,0.134903993376771
"298","M.2017.NAM-5","M",2017,"NAM-5",3,"M.2017.NAM-5.03.R","M.2017",34911.9050336379,186.847277297899,0.663178816716026,624.128654513344,2295.06333333333,0.323517655727855,0.097957587373088,0.167972363799067,0.12298033001127
"299","M.2017.NAM-5","M",2017,"NAM-5",6,"M.2017.NAM-5.06.R","M.2017",34911.9050336379,186.847277297899,0.663178816716026,624.128654513344,2295.06333333333,0.323517655727855,0.097957587373088,0.167972363799067,0.12298033001127
"300","M.2017.NAM-5","M",2017,"NAM-5",9,"M.2017.NAM-5.09.R","M.2017",34911.9050336379,186.847277297899,0.663178816716026,624.128654513344,2295.06333333333,0.323517655727855,0.097957587373088,0.167972363799067,0.12298033001127
"301","M.2017.NAM-72","M",2017,"NAM-72",3,"M.2017.NAM-72.03.R","M.2017",14816.1596058718,121.721648057656,0.779908133285626,689.254283753587,2737.04,0.513280626657257,0.215760635299864,0.299420462857712,0.233414022991703
"302","M.2017.NAM-72","M",2017,"NAM-72",6,"M.2017.NAM-72.06.R","M.2017",14816.1596058718,121.721648057656,0.779908133285626,689.254283753587,2737.04,0.513280626657257,0.215760635299864,0.299420462857712,0.233414022991703
"303","M.2017.NAM-72","M",2017,"NAM-72",9,"M.2017.NAM-72.09.R","M.2017",14816.1596058718,121.721648057656,0.779908133285626,689.254283753587,2737.04,0.513280626657257,0.215760635299864,0.299420462857712,0.233414022991703
"304","M.2017.NAM-76","M",2017,"NAM-76",3,"M.2017.NAM-76.03.R","M.2017",32821.8355481394,181.167976055757,0.673358233948872,629.807955755486,3061.73,0.652686490536348,0.258825719765753,0.265362413030785,0.23444228582897
"305","M.2017.NAM-76","M",2017,"NAM-76",6,"M.2017.NAM-76.06.R","M.2017",32821.8355481394,181.167976055757,0.673358233948872,629.807955755486,3061.73,0.652686490536348,0.258825719765753,0.265362413030785,0.23444228582897
"306","M.2017.NAM-76","M",2017,"NAM-76",9,"M.2017.NAM-76.09.R","M.2017",32821.8355481394,181.167976055757,0.673358233948872,629.807955755486,3061.73,0.652686490536348,0.258825719765753,0.265362413030785,0.23444228582897
"307","M.2017.NAM-79","M",2017,"NAM-79",3,"M.2017.NAM-79.03.R","M.2017",29184.2333722414,170.833935072167,0.691880673662534,640.141996739076,1556.79,0.00653951715805207,0.0576798969739738,0.17297102688854,0.11531859634561
"308","M.2017.NAM-79","M",2017,"NAM-79",6,"M.2017.NAM-79.06.R","M.2017",29184.2333722414,170.833935072167,0.691880673662534,640.141996739076,1556.79,0.00653951715805207,0.0576798969739738,0.17297102688854,0.11531859634561
"309","M.2017.NAM-79","M",2017,"NAM-79",9,"M.2017.NAM-79.09.R","M.2017",29184.2333722414,170.833935072167,0.691880673662534,640.141996739076,1556.79,0.00653951715805207,0.0576798969739738,0.17297102688854,0.11531859634561
"310","M.2017.YN04-C1213","M",2017,"YN04-C1213",3,"M.2017.YN04-C1213.03.R","M.2017",121466.472215469,348.520404302918,0.373400524465691,462.455527508325,3366.66666666667,0.783611247828156,0.198358668570493,0.113923041542065,0.144671518677663
"311","M.2017.YN04-C1213","M",2017,"YN04-C1213",6,"M.2017.YN04-C1213.06.R","M.2017",121466.472215469,348.520404302918,0.373400524465691,462.455527508325,3366.66666666667,0.783611247828156,0.198358668570493,0.113923041542065,0.144671518677663
"312","M.2017.YN04-C1213","M",2017,"YN04-C1213",9,"M.2017.YN04-C1213.09.R","M.2017",121466.472215469,348.520404302918,0.373400524465691,462.455527508325,3366.66666666667,0.783611247828156,0.198358668570493,0.113923041542065,0.144671518677663
"313","S.2017.NAM-0","S",2017,"NAM-0",3,"S.2017.NAM-0.03.R","S.2017",259106.309794437,509.024861666341,0.600733851426092,301.951070144902,1054.13175,0.413592727692507,0.114879515986991,0.15408757851199,0.121557040182943
"314","S.2017.NAM-0","S",2017,"NAM-0",6,"S.2017.NAM-0.06.R","S.2017",259106.309794437,509.024861666341,0.600733851426092,301.951070144902,1054.13175,0.413592727692507,0.114879515986991,0.15408757851199,0.121557040182943
"315","S.2017.NAM-0","S",2017,"NAM-0",9,"S.2017.NAM-0.09.R","S.2017",259106.309794437,509.024861666341,0.600733851426092,301.951070144902,1054.13175,0.413592727692507,0.114879515986991,0.15408757851199,0.121557040182943
"316","S.2017.NAM-13","S",2017,"NAM-13",3,"S.2017.NAM-13.03.R","S.2017",191199.322180347,437.263447112089,0.707386152842676,373.712484699154,1555.115,0.817491647319724,0.31905692355977,0.284271248011351,0.270264657635701
"317","S.2017.NAM-13","S",2017,"NAM-13",6,"S.2017.NAM-13.06.R","S.2017",191199.322180347,437.263447112089,0.707386152842676,373.712484699154,1555.115,0.817491647319724,0.31905692355977,0.284271248011351,0.270264657635701
"318","S.2017.NAM-13","S",2017,"NAM-13",9,"S.2017.NAM-13.09.R","S.2017",191199.322180347,437.263447112089,0.707386152842676,373.712484699154,1555.115,0.817491647319724,0.31905692355977,0.284271248011351,0.270264657635701
"319","S.2017.NAM-14","S",2017,"NAM-14",3,"S.2017.NAM-14.03.R","S.2017",637129.784833608,798.204099734903,0.17095370490194,12.7718320763395,873.02975,0.267586045548286,0.0341983033197054,0.0241029625437308,0.0264611167816558
"320","S.2017.NAM-14","S",2017,"NAM-14",6,"S.2017.NAM-14.06.R","S.2017",637129.784833608,798.204099734903,0.17095370490194,12.7718320763395,873.02975,0.267586045548286,0.0341983033197054,0.0241029625437308,0.0264611167816558
"321","S.2017.NAM-14","S",2017,"NAM-14",9,"S.2017.NAM-14.09.R","S.2017",637129.784833608,798.204099734903,0.17095370490194,12.7718320763395,873.02975,0.267586045548286,0.0341983033197054,0.0241029625437308,0.0264611167816558
"322","S.2017.NAM-17","S",2017,"NAM-17",3,"S.2017.NAM-17.03.R","S.2017",257732.039110607,507.673161700131,0.602742757091016,303.302770111112,1110.234,0.45882305857414,0.125221088450134,0.155460965092314,0.126251229950555
"323","S.2017.NAM-17","S",2017,"NAM-17",6,"S.2017.NAM-17.06.R","S.2017",257732.039110607,507.673161700131,0.602742757091016,303.302770111112,1110.234,0.45882305857414,0.125221088450134,0.155460965092314,0.126251229950555
"324","S.2017.NAM-17","S",2017,"NAM-17",9,"S.2017.NAM-17.09.R","S.2017",257732.039110607,507.673161700131,0.602742757091016,303.302770111112,1110.234,0.45882305857414,0.125221088450134,0.155460965092314,0.126251229950555
"325","S.2017.NAM-23","S",2017,"NAM-23",3,"S.2017.NAM-23.03.R","S.2017",201295.533446392,448.659707848155,0.690448952780573,362.316223963088,1781.4925,1,0.384803516347868,0.287512983607972,0.303800896599626
"326","S.2017.NAM-23","S",2017,"NAM-23",6,"S.2017.NAM-23.06.R","S.2017",201295.533446392,448.659707848155,0.690448952780573,362.316223963088,1781.4925,1,0.384803516347868,0.287512983607972,0.303800896599626
"327","S.2017.NAM-23","S",2017,"NAM-23",9,"S.2017.NAM-23.09.R","S.2017",201295.533446392,448.659707848155,0.690448952780573,362.316223963088,1781.4925,1,0.384803516347868,0.287512983607972,0.303800896599626
"328","S.2017.NAM-30","S",2017,"NAM-30",3,"S.2017.NAM-30.03.R","S.2017",259171.319225818,509.088714494653,0.60063895291923,301.88721731659,1057.74066666667,0.416502281141033,0.11553121582514,0.154118878090341,0.121819687101651
"329","S.2017.NAM-30","S",2017,"NAM-30",6,"S.2017.NAM-30.06.R","S.2017",259171.319225818,509.088714494653,0.60063895291923,301.88721731659,1057.74066666667,0.416502281141033,0.11553121582514,0.154118878090341,0.121819687101651
"330","S.2017.NAM-30","S",2017,"NAM-30",9,"S.2017.NAM-30.09.R","S.2017",259171.319225818,509.088714494653,0.60063895291923,301.88721731659,1057.74066666667,0.416502281141033,0.11553121582514,0.154118878090341,0.121819687101651
"331","S.2017.NAM-32","S",2017,"NAM-32",3,"S.2017.NAM-32.03.R","S.2017",185756.281281252,430.994525813556,0.716703066229083,379.981405997687,1081.69075,0.435811135844888,0.124249005145801,0.182819372613569,0.139800913133699
"332","S.2017.NAM-32","S",2017,"NAM-32",6,"S.2017.NAM-32.06.R","S.2017",185756.281281252,430.994525813556,0.716703066229083,379.981405997687,1081.69075,0.435811135844888,0.124249005145801,0.182819372613569,0.139800913133699
"333","S.2017.NAM-32","S",2017,"NAM-32",9,"S.2017.NAM-32.09.R","S.2017",185756.281281252,430.994525813556,0.716703066229083,379.981405997687,1081.69075,0.435811135844888,0.124249005145801,0.182819372613569,0.139800913133699
"334","S.2017.NAM-37","S",2017,"NAM-37",3,"S.2017.NAM-37.03.R","S.2017",303632.859076207,551.028909474092,0.538307150456837,259.947022337151,1160.43075,0.499292301994549,0.132639073075523,0.140862031024048,0.122368681435331
"335","S.2017.NAM-37","S",2017,"NAM-37",6,"S.2017.NAM-37.06.R","S.2017",303632.859076207,551.028909474092,0.538307150456837,259.947022337151,1160.43075,0.499292301994549,0.132639073075523,0.140862031024048,0.122368681435331
"336","S.2017.NAM-37","S",2017,"NAM-37",9,"S.2017.NAM-37.09.R","S.2017",303632.859076207,551.028909474092,0.538307150456837,259.947022337151,1160.43075,0.499292301994549,0.132639073075523,0.140862031024048,0.122368681435331
"337","S.2017.NAM-43","S",2017,"NAM-43",3,"S.2017.NAM-43.03.R","S.2017",63746.4040296851,252.480502276285,0.982011819737431,558.495429534958,1156.82183333333,0.496382748546023,0.148649235515631,0.248963417102771,0.183389616145375
"338","S.2017.NAM-43","S",2017,"NAM-43",6,"S.2017.NAM-43.06.R","S.2017",63746.4040296851,252.480502276285,0.982011819737431,558.495429534958,1156.82183333333,0.496382748546023,0.148649235515631,0.248963417102771,0.183389616145375
"339","S.2017.NAM-43","S",2017,"NAM-43",9,"S.2017.NAM-43.09.R","S.2017",63746.4040296851,252.480502276285,0.982011819737431,558.495429534958,1156.82183333333,0.496382748546023,0.148649235515631,0.248963417102771,0.183389616145375
"340","S.2017.NAM-46","S",2017,"NAM-46",3,"S.2017.NAM-46.03.R","S.2017",298874.956574439,546.694573390334,0.544748870165363,264.281358420909,908.790833333333,0.296417075174591,0.0869034854834968,0.138409242886735,0.103362148401936
"341","S.2017.NAM-46","S",2017,"NAM-46",6,"S.2017.NAM-46.06.R","S.2017",298874.956574439,546.694573390334,0.544748870165363,264.281358420909,908.790833333333,0.296417075174591,0.0869034854834968,0.138409242886735,0.103362148401936
"342","S.2017.NAM-46","S",2017,"NAM-46",9,"S.2017.NAM-46.09.R","S.2017",298874.956574439,546.694573390334,0.544748870165363,264.281358420909,908.790833333333,0.296417075174591,0.0869034854834968,0.138409242886735,0.103362148401936
"343","S.2017.NAM-48","S",2017,"NAM-48",3,"S.2017.NAM-48.03.R","S.2017",376077.349811168,613.251457243412,0.44583157760446,197.724474567831,1008.52816666667,0.376826552297495,0.0506340021186396,0.0578985344940822,0.0486458321631476
"344","S.2017.NAM-48","S",2017,"NAM-48",6,"S.2017.NAM-48.06.R","S.2017",376077.349811168,613.251457243412,0.44583157760446,197.724474567831,1008.52816666667,0.376826552297495,0.0506340021186396,0.0578985344940822,0.0486458321631476
"345","S.2017.NAM-48","S",2017,"NAM-48",9,"S.2017.NAM-48.09.R","S.2017",376077.349811168,613.251457243412,0.44583157760446,197.724474567831,1008.52816666667,0.376826552297495,0.0506340021186396,0.0578985344940822,0.0486458321631476
"346","S.2017.NAM-5","S",2017,"NAM-5",3,"S.2017.NAM-5.03.R","S.2017",158347.752682857,397.929331267321,0.765844782805435,413.046600543922,1077.75375,0.432637077537405,0.125584516669145,0.194826114120117,0.146599707462419
"347","S.2017.NAM-5","S",2017,"NAM-5",6,"S.2017.NAM-5.06.R","S.2017",158347.752682857,397.929331267321,0.765844782805435,413.046600543922,1077.75375,0.432637077537405,0.125584516669145,0.194826114120117,0.146599707462419
"348","S.2017.NAM-5","S",2017,"NAM-5",9,"S.2017.NAM-5.09.R","S.2017",158347.752682857,397.929331267321,0.765844782805435,413.046600543922,1077.75375,0.432637077537405,0.125584516669145,0.194826114120117,0.146599707462419
"349","S.2017.NAM-72","S",2017,"NAM-72",3,"S.2017.NAM-72.03.R","S.2017",386033.805703757,621.31618818743,0.43384571973324,189.659743623813,899.6045,0.289010939123797,0.0403966448459364,0.0555516260717929,0.0434413262874375
"350","S.2017.NAM-72","S",2017,"NAM-72",6,"S.2017.NAM-72.06.R","S.2017",386033.805703757,621.31618818743,0.43384571973324,189.659743623813,899.6045,0.289010939123797,0.0403966448459364,0.0555516260717929,0.0434413262874375
"351","S.2017.NAM-72","S",2017,"NAM-72",9,"S.2017.NAM-72.09.R","S.2017",386033.805703757,621.31618818743,0.43384571973324,189.659743623813,899.6045,0.289010939123797,0.0403966448459364,0.0555516260717929,0.0434413262874375
"352","S.2017.NAM-76","S",2017,"NAM-76",3,"S.2017.NAM-76.03.R","S.2017",294913.379080346,543.059277685545,0.55015167131768,267.916654125698,1554.13075,0.816698132742854,0.313887654605628,0.23018326914074,0.24617863197779
"353","S.2017.NAM-76","S",2017,"NAM-76",6,"S.2017.NAM-76.06.R","S.2017",294913.379080346,543.059277685545,0.55015167131768,267.916654125698,1554.13075,0.816698132742854,0.313887654605628,0.23018326914074,0.24617863197779
"354","S.2017.NAM-76","S",2017,"NAM-76",9,"S.2017.NAM-76.09.R","S.2017",294913.379080346,543.059277685545,0.55015167131768,267.916654125698,1554.13075,0.816698132742854,0.313887654605628,0.23018326914074,0.24617863197779
"355","S.2017.NAM-79","S",2017,"NAM-79",3,"S.2017.NAM-79.03.R","S.2017",57781.1432032552,240.377085437142,1,570.598846374101,700.786,0.128720994595903,0.0893309176464361,0.250230020492948,0.168041751958798
"356","S.2017.NAM-79","S",2017,"NAM-79",6,"S.2017.NAM-79.06.R","S.2017",57781.1432032552,240.377085437142,1,570.598846374101,700.786,0.128720994595903,0.0893309176464361,0.250230020492948,0.168041751958798
"357","S.2017.NAM-79","S",2017,"NAM-79",9,"S.2017.NAM-79.09.R","S.2017",57781.1432032552,240.377085437142,1,570.598846374101,700.786,0.128720994595903,0.0893309176464361,0.250230020492948,0.168041751958798
"358","S.2017.YN04-C1213","S",2017,"YN04-C1213",3,"S.2017.YN04-C1213.03.R","S.2017",324879.109523459,569.981674726003,0.510139422090831,240.99425708524,1187.98975,0.52151071014693,0.205700138898864,0.202104300522437,0.182382779266767
"359","S.2017.YN04-C1213","S",2017,"YN04-C1213",6,"S.2017.YN04-C1213.06.R","S.2017",324879.109523459,569.981674726003,0.510139422090831,240.99425708524,1187.98975,0.52151071014693,0.205700138898864,0.202104300522437,0.182382779266767
"360","S.2017.YN04-C1213","S",2017,"YN04-C1213",9,"S.2017.YN04-C1213.09.R","S.2017",324879.109523459,569.981674726003,0.510139422090831,240.99425708524,1187.98975,0.52151071014693,0.205700138898864,0.202104300522437,0.182382779266767
