fastq.gz,site.year.plot,plot,CanolaLine,year,site,site.short,Yield.kg.ha
NA,B.2015.102,102,NAM-79,2015,Beaverlodge,B,187.5
NA,B.2015.103,103,NAM-87,2015,Beaverlodge,B,1412.5
NA,B.2015.104,104,NAM-34,2015,Beaverlodge,B,166.6666667
NA,B.2015.105,105,NAM-43,2015,Beaverlodge,B,765.2777778
NA,B.2015.106,106,NAM-71,2015,Beaverlodge,B,802.7777778
NA,B.2015.107,107,NAM-12,2015,Beaverlodge,B,1715.277778
NA,B.2015.108,108,NAM-9,2015,Beaverlodge,B,930.5555556
NA,B.2015.109,109,NAM-78,2015,Beaverlodge,B,1798.611111
NA,B.2015.110,110,NAM-86,2015,Beaverlodge,B,209.7222222
NA,B.2015.111,111,NAM-36,2015,Beaverlodge,B,287.5
NA,B.2015.112,112,NAM-15,2015,Beaverlodge,B,2347.222222
NA,B.2015.113,113,NAM-23,2015,Beaverlodge,B,1925
NA,B.2015.114,114,NAM-85,2015,Beaverlodge,B,812.5
NA,B.2015.115,115,NAM-56,2015,Beaverlodge,B,1127.777778
NA,B.2015.116,116,NAM-45,2015,Beaverlodge,B,350
NA,B.2015.117,117,NAM-47,2015,Beaverlodge,B,551.3888889
NA,B.2015.118,118,NAM-83,2015,Beaverlodge,B,472.2222222
NA,B.2015.119,119,NAM-40,2015,Beaverlodge,B,1675
NA,B.2015.120,120,NAM-25,2015,Beaverlodge,B,1522.222222
NA,B.2015.121,121,NAM-17,2015,Beaverlodge,B,1343.055556
NA,B.2015.122,122,NAM-82,2015,Beaverlodge,B,991.6666667
NA,B.2015.123,123,NAM-75,2015,Beaverlodge,B,2502.777778
NA,B.2015.124,124,NAM-51,2015,Beaverlodge,B,1648.611111
NA,B.2015.125,125,NAM-0,2015,Beaverlodge,B,2316.666667
NA,B.2015.126,126,NAM-73,2015,Beaverlodge,B,2818.055556
NA,B.2015.127,127,NAM-88,2015,Beaverlodge,B,2379.166667
NA,B.2015.128,128,Q2,2015,Beaverlodge,B,2109.722222
NA,B.2015.129,129,NAM-50,2015,Beaverlodge,B,1001.388889
NA,B.2015.130,130,NAM-10,2015,Beaverlodge,B,2801.388889
NA,B.2015.201,201,NAM-76,2015,Beaverlodge,B,2093.055556
NA,B.2015.202,202,NAM-39,2015,Beaverlodge,B,1245.833333
NA,B.2015.203,203,NAM-28,2015,Beaverlodge,B,1954.166667
NA,B.2015.204,204,NAM-8,2015,Beaverlodge,B,1887.5
NA,B.2015.205,205,NAM-72,2015,Beaverlodge,B,1477.777778
NA,B.2015.206,206,NAM-38,2015,Beaverlodge,B,2302.777778
NA,B.2015.208,208,NAM-37,2015,Beaverlodge,B,1506.944444
NA,B.2015.209,209,NAM-31,2015,Beaverlodge,B,1915.277778
NA,B.2015.210,210,NAM-66,2015,Beaverlodge,B,379.1666667
NA,B.2015.211,211,NAM-48,2015,Beaverlodge,B,2261.111111
NA,B.2015.212,212,NAM-42,2015,Beaverlodge,B,2073.611111
NA,B.2015.213,213,NAM-49,2015,Beaverlodge,B,1716.666667
NA,B.2015.214,214,NAM-1,2015,Beaverlodge,B,1715.277778
NA,B.2015.215,215,NAM-30,2015,Beaverlodge,B,1930.555556
NA,B.2015.216,216,NAM-26,2015,Beaverlodge,B,1655.555556
NA,B.2015.217,217,NAM-46,2015,Beaverlodge,B,1225
NA,B.2015.218,218,NAM-14,2015,Beaverlodge,B,1763.888889
NA,B.2015.219,219,NAM-53,2015,Beaverlodge,B,1195.833333
NA,B.2015.220,220,NAM-65,2015,Beaverlodge,B,2208.333333
NA,B.2015.222,222,NAM-29,2015,Beaverlodge,B,602.7777778
NA,B.2015.223,223,NAM-57,2015,Beaverlodge,B,NA
NA,B.2015.224,224,NAM-5,2015,Beaverlodge,B,1384.722222
NA,B.2015.225,225,NAM-4,2015,Beaverlodge,B,2251.388889
NA,B.2015.227,227,NAM-13,2015,Beaverlodge,B,2050
NA,B.2015.228,228,NAM-68,2015,Beaverlodge,B,2069.444444
NA,B.2015.229,229,NAM-32,2015,Beaverlodge,B,1279.166667
NA,B.2015.230,230,NAM-33,2015,Beaverlodge,B,1304.166667
NA,B.2015.301,301,NAM-17,2015,Beaverlodge,B,1236.111111
NA,B.2015.302,302,NAM-87,2015,Beaverlodge,B,1783.333333
NA,B.2015.303,303,NAM-85,2015,Beaverlodge,B,1840.277778
NA,B.2015.304,304,NAM-65,2015,Beaverlodge,B,1436.111111
NA,B.2015.305,305,NAM-28,2015,Beaverlodge,B,1415.277778
NA,B.2015.306,306,NAM-29,2015,Beaverlodge,B,509.7222222
NA,B.2015.307,307,NAM-51,2015,Beaverlodge,B,1190.277778
NA,B.2015.308,308,NAM-34,2015,Beaverlodge,B,100
NA,B.2015.311,311,NAM-40,2015,Beaverlodge,B,1625
NA,B.2015.312,312,NAM-82,2015,Beaverlodge,B,856.9444444
NA,B.2015.313,313,NAM-66,2015,Beaverlodge,B,379.1666667
NA,B.2015.314,314,NAM-4,2015,Beaverlodge,B,1665.277778
NA,B.2015.315,315,NAM-46,2015,Beaverlodge,B,941.6666667
NA,B.2015.316,316,NAM-33,2015,Beaverlodge,B,888.8888889
NA,B.2015.317,317,Q2,2015,Beaverlodge,B,1347.222222
NA,B.2015.319,319,NAM-15,2015,Beaverlodge,B,2175
NA,B.2015.320,320,NAM-42,2015,Beaverlodge,B,1837.5
NA,B.2015.321,321,NAM-76,2015,Beaverlodge,B,1880.555556
NA,B.2015.322,322,NAM-49,2015,Beaverlodge,B,1811.111111
NA,B.2015.323,323,NAM-9,2015,Beaverlodge,B,751.3888889
NA,B.2015.324,324,NAM-68,2015,Beaverlodge,B,1933.333333
NA,B.2015.325,325,NAM-48,2015,Beaverlodge,B,2198.611111
NA,B.2015.326,326,NAM-32,2015,Beaverlodge,B,1252.777778
NA,B.2015.327,327,NAM-43,2015,Beaverlodge,B,936.1111111
NA,B.2015.328,328,NAM-8,2015,Beaverlodge,B,1609.722222
NA,B.2015.329,329,NAM-75,2015,Beaverlodge,B,2580.555556
NA,B.2015.330,330,NAM-78,2015,Beaverlodge,B,1695.833333
NA,B.2015.401,401,NAM-79,2015,Beaverlodge,B,340.2777778
NA,B.2015.402,402,NAM-37,2015,Beaverlodge,B,858.3333333
NA,B.2015.403,403,NAM-47,2015,Beaverlodge,B,629.1666667
NA,B.2015.404,404,NAM-36,2015,Beaverlodge,B,348.6111111
NA,B.2015.405,405,NAM-12,2015,Beaverlodge,B,1400
NA,B.2015.406,406,NAM-0,2015,Beaverlodge,B,1181.944444
NA,B.2015.408,408,NAM-30,2015,Beaverlodge,B,1827.777778
NA,B.2015.409,409,NAM-50,2015,Beaverlodge,B,969.4444444
NA,B.2015.410,410,NAM-14,2015,Beaverlodge,B,1083.333333
NA,B.2015.411,411,NAM-38,2015,Beaverlodge,B,1590.277778
NA,B.2015.412,412,NAM-53,2015,Beaverlodge,B,648.6111111
NA,B.2015.413,413,NAM-86,2015,Beaverlodge,B,231.9444444
NA,B.2015.414,414,NAM-71,2015,Beaverlodge,B,791.6666667
NA,B.2015.415,415,NAM-88,2015,Beaverlodge,B,906.9444444
NA,B.2015.416,416,NAM-56,2015,Beaverlodge,B,852.7777778
NA,B.2015.417,417,NAM-72,2015,Beaverlodge,B,691.6666667
NA,B.2015.418,418,NAM-73,2015,Beaverlodge,B,1337.5
NA,B.2015.419,419,NAM-26,2015,Beaverlodge,B,755.5555556
NA,B.2015.420,420,NAM-83,2015,Beaverlodge,B,186.1111111
NA,B.2015.421,421,NAM-39,2015,Beaverlodge,B,586.1111111
NA,B.2015.422,422,NAM-31,2015,Beaverlodge,B,980.5555556
NA,B.2015.423,423,NAM-10,2015,Beaverlodge,B,1554.166667
NA,B.2015.424,424,NAM-13,2015,Beaverlodge,B,1134.722222
NA,B.2015.425,425,NAM-57,2015,Beaverlodge,B,929.1666667
NA,B.2015.426,426,NAM-1,2015,Beaverlodge,B,1013.888889
NA,B.2015.427,427,NAM-5,2015,Beaverlodge,B,902.7777778
NA,B.2015.428,428,NAM-23,2015,Beaverlodge,B,1518.055556
NA,B.2015.429,429,NAM-25,2015,Beaverlodge,B,1343.055556
NA,B.2015.430,430,NAM-45,2015,Beaverlodge,B,231.9444444
NA,B.2017.NA,NA,NAM-48,2017,Beaverlodge,B,1005.464481
NA,B.2017.NA,NA,NAM-48,2017,Beaverlodge,B,2120.218579
NA,B.2017.NA,NA,NAM-49,2017,Beaverlodge,B,3273.224044
NA,B.2017.NA,NA,NAM-49,2017,Beaverlodge,B,2016.393443
NA,B.2017.NA,NA,NAM-50,2017,Beaverlodge,B,142.0765027
NA,B.2017.NA,NA,NAM-50,2017,Beaverlodge,B,NA
NA,B.2017.NA,NA,NAM-9,2017,Beaverlodge,B,519.1256831
NA,B.2017.NA,NA,NAM-9,2017,Beaverlodge,B,1136.612022
NA,B.2017.NA,NA,NAM-0,2017,Beaverlodge,B,2519.125683
NA,B.2017.NA,NA,NAM-0,2017,Beaverlodge,B,1639.344262
NA,B.2017.NA,NA,NAM-1,2017,Beaverlodge,B,2224.043716
NA,B.2017.NA,NA,NAM-1,2017,Beaverlodge,B,1612.021858
NA,B.2017.NA,NA,NAM-10,2017,Beaverlodge,B,1508.196721
NA,B.2017.NA,NA,NAM-10,2017,Beaverlodge,B,2125.68306
NA,B.2017.NA,NA,NAM-12,2017,Beaverlodge,B,1819.672131
NA,B.2017.NA,NA,NAM-12,2017,Beaverlodge,B,1442.622951
NA,B.2017.NA,NA,NAM-13,2017,Beaverlodge,B,2355.191257
NA,B.2017.NA,NA,NAM-13,2017,Beaverlodge,B,1896.174863
NA,B.2017.NA,NA,NAM-14,2017,Beaverlodge,B,1836.065574
NA,B.2017.NA,NA,NAM-14,2017,Beaverlodge,B,2065.57377
NA,B.2017.NA,NA,NAM-15,2017,Beaverlodge,B,3224.043716
NA,B.2017.NA,NA,NAM-15,2017,Beaverlodge,B,2918.032787
NA,B.2017.NA,NA,NAM-17,2017,Beaverlodge,B,1371.584699
NA,B.2017.NA,NA,NAM-17,2017,Beaverlodge,B,1994.535519
NA,B.2017.NA,NA,NAM-23,2017,Beaverlodge,B,1825.136612
NA,B.2017.NA,NA,NAM-23,2017,Beaverlodge,B,1245.901639
NA,B.2017.NA,NA,NAM-25,2017,Beaverlodge,B,2819.672131
NA,B.2017.NA,NA,NAM-25,2017,Beaverlodge,B,2584.699454
NA,B.2017.NA,NA,NAM-26,2017,Beaverlodge,B,2967.213115
NA,B.2017.NA,NA,NAM-26,2017,Beaverlodge,B,1814.20765
NA,B.2017.NA,NA,NAM-28,2017,Beaverlodge,B,2016.393443
NA,B.2017.NA,NA,NAM-28,2017,Beaverlodge,B,1797.814208
NA,B.2017.NA,NA,NAM-29,2017,Beaverlodge,B,1273.224044
NA,B.2017.NA,NA,NAM-29,2017,Beaverlodge,B,469.9453552
NA,B.2017.NA,NA,NAM-30,2017,Beaverlodge,B,1972.677596
NA,B.2017.NA,NA,NAM-30,2017,Beaverlodge,B,1852.459016
NA,B.2017.NA,NA,NAM-31,2017,Beaverlodge,B,1497.26776
NA,B.2017.NA,NA,NAM-31,2017,Beaverlodge,B,704.9180328
NA,B.2017.NA,NA,NAM-32,2017,Beaverlodge,B,2081.967213
NA,B.2017.NA,NA,NAM-32,2017,Beaverlodge,B,1114.754098
NA,B.2017.NA,NA,NAM-33,2017,Beaverlodge,B,1497.26776
NA,B.2017.NA,NA,NAM-33,2017,Beaverlodge,B,2475.409836
NA,B.2017.NA,NA,NAM-34,2017,Beaverlodge,B,1546.448087
NA,B.2017.NA,NA,NAM-34,2017,Beaverlodge,B,491.8032787
NA,B.2017.NA,NA,NAM-36,2017,Beaverlodge,B,1142.076503
NA,B.2017.NA,NA,NAM-36,2017,Beaverlodge,B,907.1038251
NA,B.2017.NA,NA,NAM-37,2017,Beaverlodge,B,1087.431694
NA,B.2017.NA,NA,NAM-37,2017,Beaverlodge,B,1076.502732
NA,B.2017.NA,NA,NAM-38,2017,Beaverlodge,B,978.1420765
NA,B.2017.NA,NA,NAM-38,2017,Beaverlodge,B,1158.469945
NA,B.2017.NA,NA,NAM-39,2017,Beaverlodge,B,846.9945355
NA,B.2017.NA,NA,NAM-39,2017,Beaverlodge,B,1480.874317
NA,B.2017.NA,NA,NAM-4,2017,Beaverlodge,B,2300.546448
NA,B.2017.NA,NA,NAM-4,2017,Beaverlodge,B,1344.262295
NA,B.2017.NA,NA,NAM-40,2017,Beaverlodge,B,1404.371585
NA,B.2017.NA,NA,NAM-40,2017,Beaverlodge,B,1377.04918
NA,B.2017.NA,NA,NAM-42,2017,Beaverlodge,B,1524.590164
NA,B.2017.NA,NA,NAM-42,2017,Beaverlodge,B,420.7650273
NA,B.2017.NA,NA,NAM-43,2017,Beaverlodge,B,1234.972678
NA,B.2017.NA,NA,NAM-43,2017,Beaverlodge,B,1142.076503
NA,B.2017.NA,NA,NAM-45,2017,Beaverlodge,B,1196.721311
NA,B.2017.NA,NA,NAM-45,2017,Beaverlodge,B,NA
NA,B.2017.NA,NA,NAM-46,2017,Beaverlodge,B,1060.10929
NA,B.2017.NA,NA,NAM-46,2017,Beaverlodge,B,1595.628415
NA,B.2017.NA,NA,NAM-47,2017,Beaverlodge,B,546.4480874
NA,B.2017.NA,NA,NAM-47,2017,Beaverlodge,B,508.1967213
NA,B.2017.NA,NA,NAM-5,2017,Beaverlodge,B,2065.57377
NA,B.2017.NA,NA,NAM-5,2017,Beaverlodge,B,1568.306011
NA,B.2017.NA,NA,NAM-51,2017,Beaverlodge,B,2606.557377
NA,B.2017.NA,NA,NAM-51,2017,Beaverlodge,B,890.7103825
NA,B.2017.NA,NA,NAM-53,2017,Beaverlodge,B,NA
NA,B.2017.NA,NA,NAM-53,2017,Beaverlodge,B,1393.442623
NA,B.2017.NA,NA,NAM-56,2017,Beaverlodge,B,754.0983607
NA,B.2017.NA,NA,NAM-56,2017,Beaverlodge,B,1612.021858
NA,B.2017.NA,NA,NAM-57,2017,Beaverlodge,B,1366.120219
NA,B.2017.NA,NA,NAM-57,2017,Beaverlodge,B,1136.612022
NA,B.2017.NA,NA,NAM-65,2017,Beaverlodge,B,3125.68306
NA,B.2017.NA,NA,NAM-65,2017,Beaverlodge,B,1628.415301
NA,B.2017.NA,NA,NAM-66,2017,Beaverlodge,B,956.284153
NA,B.2017.NA,NA,NAM-66,2017,Beaverlodge,B,644.8087432
NA,B.2017.NA,NA,NAM-68,2017,Beaverlodge,B,1967.213115
NA,B.2017.NA,NA,NAM-68,2017,Beaverlodge,B,1207.650273
NA,B.2017.NA,NA,NAM-71,2017,Beaverlodge,B,1005.464481
NA,B.2017.NA,NA,NAM-71,2017,Beaverlodge,B,1442.622951
NA,B.2017.NA,NA,NAM-72,2017,Beaverlodge,B,3721.311475
NA,B.2017.NA,NA,NAM-72,2017,Beaverlodge,B,1579.234973
NA,B.2017.NA,NA,NAM-73,2017,Beaverlodge,B,1874.31694
NA,B.2017.NA,NA,NAM-73,2017,Beaverlodge,B,1387.978142
NA,B.2017.NA,NA,NAM-75,2017,Beaverlodge,B,2240.437158
NA,B.2017.NA,NA,NAM-75,2017,Beaverlodge,B,2322.404372
NA,B.2017.NA,NA,NAM-76,2017,Beaverlodge,B,1234.972678
NA,B.2017.NA,NA,NAM-76,2017,Beaverlodge,B,1912.568306
NA,B.2017.NA,NA,NAM-78,2017,Beaverlodge,B,1841.530055
NA,B.2017.NA,NA,NAM-78,2017,Beaverlodge,B,934.4262295
NA,B.2017.NA,NA,NAM-79,2017,Beaverlodge,B,2207.650273
NA,B.2017.NA,NA,NAM-79,2017,Beaverlodge,B,2819.672131
NA,B.2017.NA,NA,NAM-8,2017,Beaverlodge,B,1546.448087
NA,B.2017.NA,NA,NAM-8,2017,Beaverlodge,B,868.852459
NA,B.2017.NA,NA,NAM-82,2017,Beaverlodge,B,934.4262295
NA,B.2017.NA,NA,NAM-82,2017,Beaverlodge,B,1060.10929
NA,B.2017.NA,NA,NAM-83,2017,Beaverlodge,B,770.4918033
NA,B.2017.NA,NA,NAM-83,2017,Beaverlodge,B,1142.076503
NA,B.2017.NA,NA,NAM-85,2017,Beaverlodge,B,1972.677596
NA,B.2017.NA,NA,NAM-85,2017,Beaverlodge,B,786.8852459
NA,B.2017.NA,NA,NAM-86,2017,Beaverlodge,B,1710.382514
NA,B.2017.NA,NA,NAM-86,2017,Beaverlodge,B,1071.038251
NA,B.2017.NA,NA,NAM-87,2017,Beaverlodge,B,1961.748634
NA,B.2017.NA,NA,NAM-87,2017,Beaverlodge,B,NA
NA,B.2017.NA,NA,NAM-88,2017,Beaverlodge,B,2213.114754
NA,B.2017.NA,NA,NAM-88,2017,Beaverlodge,B,1934.42623
NA,B.2017.NA,NA,Q2,2017,Beaverlodge,B,1710.382514
NA,B.2017.NA,NA,Q2,2017,Beaverlodge,B,1513.661202
NA,L.2014.1,1,NAM-10,2014,Llewellyn,L,3414.065141
NA,L.2014.100,100,NAM-26,2014,Llewellyn,L,3678.900781
NA,L.2014.101,101,NAM-8,2014,Llewellyn,L,2452.959377
NA,L.2014.102,102,NAM-39,2014,Llewellyn,L,3483.234612
NA,L.2014.103,103,NAM-51,2014,Llewellyn,L,2755.205743
NA,L.2014.105,105,NAM-88,2014,Llewellyn,L,3413.257715
NA,L.2014.106,106,NAM-25,2014,Llewellyn,L,1614.582324
NA,L.2014.107,107,CHECK,2014,Llewellyn,L,4121.370083
NA,L.2014.108,108,NAM-47,2014,Llewellyn,L,2983.976367
NA,L.2014.109,109,NAM-49,2014,Llewellyn,L,2698.685942
NA,L.2014.11,11,NAM-46,2014,Llewellyn,L,3010.083133
NA,L.2014.110,110,NAM-36,2014,Llewellyn,L,1480.28051
NA,L.2014.111,111,NAM-85,2014,Llewellyn,L,3916.283947
NA,L.2014.112,112,NAM-15,2014,Llewellyn,L,3870.529822
NA,L.2014.113,113,NAM-28,2014,Llewellyn,L,3211.670424
NA,L.2014.114,114,NAM-45,2014,Llewellyn,L,2433.850301
NA,L.2014.115,115,NAM-23,2014,Llewellyn,L,2909.424058
NA,L.2014.116,116,NAM-65,2014,Llewellyn,L,3084.097158
NA,L.2014.117,117,NAM-56,2014,Llewellyn,L,3033.498479
NA,L.2014.118,118,NAM-42,2014,Llewellyn,L,2820.876369
NA,L.2014.119,119,NAM-37,2014,Llewellyn,L,4023.402427
NA,L.2014.12,12,NAM-37,2014,Llewellyn,L,3513.647648
NA,L.2014.120,120,NAM-25,2014,Llewellyn,L,1888.030506
NA,L.2014.121,121,NAM-51,2014,Llewellyn,L,3456.320421
NA,L.2014.122,122,NAM-13,2014,Llewellyn,L,3453.35986
NA,L.2014.123,123,NAM-12,2014,Llewellyn,L,4123.523218
NA,L.2014.125,125,NAM-32,2014,Llewellyn,L,2274.249148
NA,L.2014.126,126,NAM-47,2014,Llewellyn,L,3415.679992
NA,L.2014.127,127,NAM-66,2014,Llewellyn,L,4335.876186
NA,L.2014.128,128,NAM-5,2014,Llewellyn,L,2292.012514
NA,L.2014.13,13,NAM-42,2014,Llewellyn,L,3265.229664
NA,L.2014.130,130,NAM-34,2014,Llewellyn,L,1376.930017
NA,L.2014.131,131,NAM-39,2014,Llewellyn,L,3221.897817
NA,L.2014.132,132,NAM-33,2014,Llewellyn,L,3314.482634
NA,L.2014.133,133,NAM-75,2014,Llewellyn,L,3940.775861
NA,L.2014.134,134,NAM-0,2014,Llewellyn,L,2606.101124
NA,L.2014.135,135,NAM-38,2014,Llewellyn,L,3477.851774
NA,L.2014.136,136,NAM-8,2014,Llewellyn,L,3463.587253
NA,L.2014.137,137,NAM-53,2014,Llewellyn,L,3037.804749
NA,L.2014.138,138,CHECK,2014,Llewellyn,L,3663.828834
NA,L.2014.139,139,NAM-31,2014,Llewellyn,L,3550.250948
NA,L.2014.14,14,NAM-85,2014,Llewellyn,L,2920.458876
NA,L.2014.140,140,NAM-83,2014,Llewellyn,L,2042.787104
NA,L.2014.141,141,NAM-15,2014,Llewellyn,L,4151.513977
NA,L.2014.142,142,NAM-29,2014,Llewellyn,L,1037.542067
NA,L.2014.143,143,NAM-26,2014,Llewellyn,L,4401.546812
NA,L.2014.144,144,NAM-82,2014,Llewellyn,L,2248.949808
NA,L.2014.145,145,NAM-4,2014,Llewellyn,L,2748.208053
NA,L.2014.146,146,NAM-10,2014,Llewellyn,L,4602.057536
NA,L.2014.147,147,NAM-86,2014,Llewellyn,L,2992.588908
NA,L.2014.148,148,NAM-28,2014,Llewellyn,L,2697.340232
NA,L.2014.149,149,NAM-85,2014,Llewellyn,L,4031.207543
NA,L.2014.15,15,NAM-47,2014,Llewellyn,L,3910.631967
NA,L.2014.150,150,NAM-46,2014,Llewellyn,L,3179.642536
NA,L.2014.151,151,NAM-71,2014,Llewellyn,L,3489.694018
NA,L.2014.152,152,NAM-17,2014,Llewellyn,L,3836.079657
NA,L.2014.153,153,NAM-57,2014,Llewellyn,L,3969.304903
NA,L.2014.154,154,NAM-49,2014,Llewellyn,L,2622.787923
NA,L.2014.155,155,NAM-87,2014,Llewellyn,L,4086.650777
NA,L.2014.156,156,NAM-68,2014,Llewellyn,L,3040.227027
NA,L.2014.157,157,NAM-79,2014,Llewellyn,L,1244.512196
NA,L.2014.159,159,NAM-43,2014,Llewellyn,L,3267.921083
NA,L.2014.16,16,NAM-4,2014,Llewellyn,L,2286.360534
NA,L.2014.160,160,NAM-1,2014,Llewellyn,L,1780.373741
NA,L.2014.161,161,NAM-88,2014,Llewellyn,L,2145.061031
NA,L.2014.163,163,NAM-76,2014,Llewellyn,L,3935.662164
NA,L.2014.164,164,NAM-45,2014,Llewellyn,L,2780.774224
NA,L.2014.165,165,CHECK,2014,Llewellyn,L,4028.785266
NA,L.2014.166,166,NAM-36,2014,Llewellyn,L,1659.798165
NA,L.2014.167,167,NAM-30,2014,Llewellyn,L,2871.205906
NA,L.2014.168,168,NAM-14,2014,Llewellyn,L,4567.607371
NA,L.2014.169,169,NAM-0,2014,Llewellyn,L,2484.179838
NA,L.2014.17,17,NAM-30,2014,Llewellyn,L,2486.063832
NA,L.2014.170,170,NAM-46,2014,Llewellyn,L,3754.529658
NA,L.2014.171,171,NAM-28,2014,Llewellyn,L,3164.301448
NA,L.2014.172,172,NAM-51,2014,Llewellyn,L,3577.703423
NA,L.2014.173,173,CHECK,2014,Llewellyn,L,3706.353256
NA,L.2014.174,174,NAM-76,2014,Llewellyn,L,3600.849627
NA,L.2014.175,175,NAM-15,2014,Llewellyn,L,4293.082622
NA,L.2014.176,176,NAM-53,2014,Llewellyn,L,2831.372904
NA,L.2014.177,177,NAM-66,2014,Llewellyn,L,4923.951262
NA,L.2014.178,178,NAM-82,2014,Llewellyn,L,1814.285622
NA,L.2014.179,179,NAM-39,2014,Llewellyn,L,3981.416289
NA,L.2014.18,18,NAM-45,2014,Llewellyn,L,2363.604262
NA,L.2014.180,180,NAM-71,2014,Llewellyn,L,3143.846662
NA,L.2014.181,181,NAM-13,2014,Llewellyn,L,2863.400791
NA,L.2014.182,182,NAM-25,2014,Llewellyn,L,1794.638263
NA,L.2014.183,183,NAM-43,2014,Llewellyn,L,2133.75707
NA,L.2014.184,184,NAM-1,2014,Llewellyn,L,1481.357078
NA,L.2014.185,185,NAM-34,2014,Llewellyn,L,2165.246674
NA,L.2014.186,186,NAM-47,2014,Llewellyn,L,3577.434281
NA,L.2014.188,188,NAM-36,2014,Llewellyn,L,1427.528696
NA,L.2014.189,189,NAM-38,2014,Llewellyn,L,3324.979168
NA,L.2014.190,190,CHECK,2014,Llewellyn,L,4340.182457
NA,L.2014.192,192,NAM-4,2014,Llewellyn,L,2290.397663
NA,L.2014.193,193,NAM-5,2014,Llewellyn,L,2074.814992
NA,L.2014.194,194,NAM-26,2014,Llewellyn,L,3946.696983
NA,L.2014.195,195,NAM-87,2014,Llewellyn,L,3776.868437
NA,L.2014.196,196,NAM-57,2014,Llewellyn,L,3673.517943
NA,L.2014.197,197,NAM-33,2014,Llewellyn,L,3230.241216
NA,L.2014.198,198,NAM-65,2014,Llewellyn,L,2960.561021
NA,L.2014.199,199,NAM-31,2014,Llewellyn,L,3474.622071
NA,L.2014.2,2,NAM-34,2014,Llewellyn,L,1934.592056
NA,L.2014.20,20,NAM-71,2014,Llewellyn,L,2666.11977
NA,L.2014.200,200,NAM-30,2014,Llewellyn,L,0
NA,L.2014.201,201,NAM-86,2014,Llewellyn,L,2415.548651
NA,L.2014.202,202,NAM-45,2014,Llewellyn,L,1539.222589
NA,L.2014.203,203,NAM-10,2014,Llewellyn,L,4824.907038
NA,L.2014.204,204,NAM-12,2014,Llewellyn,L,3439.095339
NA,L.2014.205,205,NAM-29,2014,Llewellyn,L,1153.542231
NA,L.2014.206,206,NAM-32,2014,Llewellyn,L,2482.295845
NA,L.2014.207,207,NAM-37,2014,Llewellyn,L,3398.993194
NA,L.2014.208,208,NAM-14,2014,Llewellyn,L,3967.690052
NA,L.2014.21,21,NAM-0,2014,Llewellyn,L,1995.148986
NA,L.2014.210,210,NAM-88,2014,Llewellyn,L,2158.787268
NA,L.2014.211,211,NAM-49,2014,Llewellyn,L,3146.26894
NA,L.2014.212,212,NAM-68,2014,Llewellyn,L,2848.867128
NA,L.2014.213,213,NAM-17,2014,Llewellyn,L,3668.942531
NA,L.2014.215,215,NAM-23,2014,Llewellyn,L,3134.426695
NA,L.2014.216,216,NAM-83,2014,Llewellyn,L,3521.991047
NA,L.2014.217,217,NAM-79,2014,Llewellyn,L,1004.16847
NA,L.2014.218,218,NAM-8,2014,Llewellyn,L,3813.471737
NA,L.2014.22,22,NAM-72,2014,Llewellyn,L,3954.77124
NA,L.2014.23,23,NAM-8,2014,Llewellyn,L,2784.811353
NA,L.2014.24,24,NAM-49,2014,Llewellyn,L,2422.546341
NA,L.2014.25,25,NAM-33,2014,Llewellyn,L,3322.287749
NA,L.2014.26,26,NAM-15,2014,Llewellyn,L,3921.128501
NA,L.2014.27,27,NAM-73,2014,Llewellyn,L,3183.141381
NA,L.2014.28,28,NAM-12,2014,Llewellyn,L,3582.278835
NA,L.2014.29,29,NAM-83,2014,Llewellyn,L,2860.709372
NA,L.2014.3,3,NAM-79,2014,Llewellyn,L,1283.537774
NA,L.2014.30,30,NAM-5,2014,Llewellyn,L,2221.766475
NA,L.2014.31,31,NAM-75,2014,Llewellyn,L,4190.00127
NA,L.2014.32,32,NAM-32,2014,Llewellyn,L,2813.878679
NA,L.2014.33,33,NAM-29,2014,Llewellyn,L,1219.751141
NA,L.2014.35,35,NAM-57,2014,Llewellyn,L,3578.77999
NA,L.2014.36,36,CHECK,2014,Llewellyn,L,4093.379324
NA,L.2014.37,37,NAM-82,2014,Llewellyn,L,1971.195356
NA,L.2014.38,38,NAM-17,2014,Llewellyn,L,3574.204578
NA,L.2014.39,39,NAM-66,2014,Llewellyn,L,3706.622398
NA,L.2014.4,4,NAM-39,2014,Llewellyn,L,2718.333301
NA,L.2014.40,40,NAM-28,2014,Llewellyn,L,2476.105581
NA,L.2014.41,41,NAM-38,2014,Llewellyn,L,3855.188733
NA,L.2014.42,42,NAM-1,2014,Llewellyn,L,1796.253114
NA,L.2014.43,43,CHECK,2014,Llewellyn,L,4763.273541
NA,L.2014.45,45,NAM-36,2014,Llewellyn,L,1783.603444
NA,L.2014.46,46,NAM-56,2014,Llewellyn,L,3568.552598
NA,L.2014.47,47,NAM-88,2014,Llewellyn,L,1459.287441
NA,L.2014.48,48,NAM-43,2014,Llewellyn,L,1710.935128
NA,L.2014.49,49,NAM-65,2014,Llewellyn,L,2909.962342
NA,L.2014.5,5,NAM-31,2014,Llewellyn,L,3232.125209
NA,L.2014.50,50,NAM-68,2014,Llewellyn,L,2620.096504
NA,L.2014.51,51,NAM-13,2014,Llewellyn,L,3341.396825
NA,L.2014.52,52,NAM-53,2014,Llewellyn,L,3633.146657
NA,L.2014.53,53,NAM-23,2014,Llewellyn,L,3253.656562
NA,L.2014.54,54,NAM-51,2014,Llewellyn,L,3533.295008
NA,L.2014.55,55,NAM-86,2014,Llewellyn,L,3802.436919
NA,L.2014.56,56,NAM-25,2014,Llewellyn,L,1508.809553
NA,L.2014.57,57,NAM-26,2014,Llewellyn,L,3980.878006
NA,L.2014.58,58,NAM-5,2014,Llewellyn,L,3027.577357
NA,L.2014.59,59,NAM-32,2014,Llewellyn,L,2477.720433
NA,L.2014.6,6,NAM-87,2014,Llewellyn,L,3819.931143
NA,L.2014.60,60,NAM-75,2014,Llewellyn,L,3773.369592
NA,L.2014.61,61,NAM-33,2014,Llewellyn,L,2620.634787
NA,L.2014.62,62,NAM-17,2014,Llewellyn,L,3432.366791
NA,L.2014.63,63,NAM-71,2014,Llewellyn,L,3644.450617
NA,L.2014.64,64,NAM-82,2014,Llewellyn,L,2431.428024
NA,L.2014.65,65,NAM-23,2014,Llewellyn,L,3235.354912
NA,L.2014.66,66,NAM-86,2014,Llewellyn,L,2393.209873
NA,L.2014.67,67,NAM-14,2014,Llewellyn,L,3338.436264
NA,L.2014.68,68,NAM-40,2014,Llewellyn,L,3307.215802
NA,L.2014.69,69,NAM-31,2014,Llewellyn,L,3116.932471
NA,L.2014.7,7,NAM-76,2014,Llewellyn,L,3779.559856
NA,L.2014.70,70,NAM-76,2014,Llewellyn,L,4336.952754
NA,L.2014.71,71,NAM-79,2014,Llewellyn,L,1700.438594
NA,L.2014.72,72,CHECK,2014,Llewellyn,L,4154.74368
NA,L.2014.73,73,NAM-12,2014,Llewellyn,L,3364.543029
NA,L.2014.74,74,NAM-73,2014,Llewellyn,L,3707.429824
NA,L.2014.76,76,NAM-37,2014,Llewellyn,L,3042.649304
NA,L.2014.77,77,NAM-56,2014,Llewellyn,L,3327.670588
NA,L.2014.78,78,NAM-42,2014,Llewellyn,L,3715.504081
NA,L.2014.79,79,NAM-13,2014,Llewellyn,L,2619.019936
NA,L.2014.8,8,NAM-14,2014,Llewellyn,L,3460.626692
NA,L.2014.80,80,NAM-83,2014,Llewellyn,L,2435.465153
NA,L.2014.82,82,NAM-66,2014,Llewellyn,L,3974.149458
NA,L.2014.83,83,NAM-0,2014,Llewellyn,L,2261.599478
NA,L.2014.84,84,NAM-46,2014,Llewellyn,L,3309.099796
NA,L.2014.85,85,NAM-43,2014,Llewellyn,L,1526.572919
NA,L.2014.86,86,NAM-72,2014,Llewellyn,L,3941.852428
NA,L.2014.87,87,NAM-30,2014,Llewellyn,L,2113.302285
NA,L.2014.89,89,NAM-29,2014,Llewellyn,L,1076.567644
NA,L.2014.9,9,NAM-40,2014,Llewellyn,L,3684.552762
NA,L.2014.90,90,NAM-65,2014,Llewellyn,L,3867.838403
NA,L.2014.91,91,NAM-4,2014,Llewellyn,L,2763.28
NA,L.2014.92,92,NAM-1,2014,Llewellyn,L,1656.568462
NA,L.2014.93,93,NAM-53,2014,Llewellyn,L,3290.529004
NA,L.2014.94,94,NAM-68,2014,Llewellyn,L,2097.15377
NA,L.2014.95,95,NAM-87,2014,Llewellyn,L,4249.481633
NA,L.2014.96,96,NAM-57,2014,Llewellyn,L,3662.483125
NA,L.2014.97,97,NAM-38,2014,Llewellyn,L,3256.617123
NA,L.2014.98,98,NAM-10,2014,Llewellyn,L,4486.595656
NA,L.2014.99,99,NAM-34,2014,Llewellyn,L,1703.399155
MI.M00833.0568.001.FLD0056.ORIG1CR1101NW01000c,L.2016.1101,1101,YN04-C1213,2016,Llewellyn,L,2680.83
MI.M00833.0568.001.FLD0025.ORIG1CR1102NW09000c,L.2016.1102,1102,NAM-37,2016,Llewellyn,L,2510.14
MI.M00833.0568.001.FLD0022.ORIG1CR1108NW01000c,L.2016.1108,1108,NAM-0,2016,Llewellyn,L,2153.47
MI.M00833.0568.001.FLD0041.ORIG1CS1109NW02000c,L.2016.1109,1109,NAM-43,2016,Llewellyn,L,1921.11
MI.M00833.0568.001.FLD0051.ORIG1CS1115NW01000c,L.2016.1115,1115,NAM-13,2016,Llewellyn,L,2960.56
MI.M00833.0568.001.FLD0036.ORIG1CS1116NW02000c,L.2016.1116,1116,NAM-46,2016,Llewellyn,L,1827.22
MI.M00833.0568.001.FLD0135.ORIG1CS1122NW05000c,L.2016.1122,1122,NAM-14,2016,Llewellyn,L,2805.97
MI.M00833.0568.001.FLD0014.CHCK1CR1123NW05002c,L.2016.1123,1123,NAM-48,2016,Llewellyn,L,2004.86
MI.M00833.0568.001.FLD0037.ORIG1CS1129NW01000c,L.2016.1129,1129,NAM-17,2016,Llewellyn,L,2060.69
MI.M00833.0568.001.FLD0026.ORIG1CR1130NW01000c,L.2016.1130,1130,NAM-5,2016,Llewellyn,L,2166.53
MI.M00833.0568.001.FLD0030.ORIG1CS1136NW09000c,L.2016.1136,1136,NAM-23,2016,Llewellyn,L,3298.75
MI.M00833.0568.001.FLD0002.CHCK1CS1137NW05001c,L.2016.1137,1137,NAM-72,2016,Llewellyn,L,2028.33
MI.M00833.0568.001.FLD0027.ORIG1CS1143NW08000c,L.2016.1143,1143,NAM-30,2016,Llewellyn,L,1808.89
MI.M00833.0568.001.FLD0090.ORIG1CS1144NW10000c,L.2016.1144,1144,NAM-76,2016,Llewellyn,L,3314.58
MI.M00833.0568.001.FLD0078.ORIG1CR1150NW06000c,L.2016.1150,1150,NAM-32,2016,Llewellyn,L,1589.58
MI.M00833.0568.001.FLD0008.ORIG1CS1151NW07000c,L.2016.1151,1151,NAM-79,2016,Llewellyn,L,1518.19
MI.M00833.0568.001.FLD0063.ORIG1CS1203NW10000c,L.2016.1203,1203,NAM-13,2016,Llewellyn,L,2946.39
MI.M00833.0568.001.FLD0126.ORIG1CS1207NW09000c,L.2016.1207,1207,NAM-43,2016,Llewellyn,L,1569.31
MI.M00833.0568.001.FLD0005.ORIG1CR1208NW01000c,L.2016.1208,1208,NAM-37,2016,Llewellyn,L,2320.56
MI.M00833.0568.001.FLD0044.ORIG1CR1211NW07000c,L.2016.1211,1211,NAM-30,2016,Llewellyn,L,1740.97
MI.M00833.0568.001.FLD0007.ORIG1CS1215NW08000c,L.2016.1215,1215,NAM-72,2016,Llewellyn,L,2309.58
MI.M00833.0568.001.FLD0070.ORIG1CR1218NW06000c,L.2016.1218,1218,NAM-17,2016,Llewellyn,L,2185.28
MI.M00833.0568.001.FLD0038.CHCK1CS1225NW05001c,L.2016.1225,1225,NAM-0,2016,Llewellyn,L,2500
MI.M00833.0568.001.FLD0013.ORIG1CS1228NW06000c,L.2016.1228,1228,NAM-46,2016,Llewellyn,L,NA
MI.M00833.0568.001.FLD0054.ORIG1CR1229NW01000c,L.2016.1229,1229,NAM-76,2016,Llewellyn,L,2352.08
MI.M00833.0568.001.FLD0020.ORIG1CS1230NW04000c,L.2016.1230,1230,YN04-C1213,2016,Llewellyn,L,2797.5
MI.M00833.0568.001.FLD0029.ORIG1CS1236NW03000c,L.2016.1236,1236,NAM-79,2016,Llewellyn,L,1299.72
MI.M00833.0568.001.FLD0009.ORIG1CR1237NW03000c,L.2016.1237,1237,NAM-14,2016,Llewellyn,L,2516.53
MI.M00833.0568.001.FLD0021.ORIG1CR1244NW09000c,L.2016.1244,1244,NAM-23,2016,Llewellyn,L,3232.92
MI.M00833.0568.001.FLD0080.ORIG1CS1245NW10000c,L.2016.1245,1245,NAM-5,2016,Llewellyn,L,2244.17
MI.M00833.0568.001.FLD0011.ORIG1CS1252NW08000c,L.2016.1252,1252,NAM-32,2016,Llewellyn,L,1797.64
MI.M00833.0568.001.FLD0048.ORIG1CR1255NW04000c,L.2016.1255,1255,NAM-48,2016,Llewellyn,L,2589.17
MI.M00833.0568.001.FLD0015.ORIG1CR1302NW06000c,L.2016.1302,1302,NAM-5,2016,Llewellyn,L,1851.94
MI.M00833.0568.001.FLD0086.ORIG1CR1303NW07000c,L.2016.1303,1303,NAM-0,2016,Llewellyn,L,2334.31
MI.M00833.0568.001.FLD0010.ORIG1CS1308NW08000c,L.2016.1308,1308,NAM-13,2016,Llewellyn,L,2903.47
MI.M00833.0568.001.FLD0066.ORIG1CS1309NW02000c,L.2016.1309,1309,NAM-72,2016,Llewellyn,L,2658.61
MI.M00833.0568.001.FLD0050.ORIG1CS1316NW03000c,L.2016.1316,1316,NAM-30,2016,Llewellyn,L,2209.31
MI.M00833.0568.001.FLD0016.ORIG1CR1319NW01000c,L.2016.1319,1319,NAM-48,2016,Llewellyn,L,2638.75
MI.M00833.0568.001.FLD0099.ORIG1CS1322NW01000c,L.2016.1322,1322,NAM-14,2016,Llewellyn,L,2644.86
MI.M00833.0568.001.FLD0039.ORIG1CR1327NW01000c,L.2016.1327,1327,NAM-76,2016,Llewellyn,L,2662.64
MI.M00833.0568.001.FLD0018.ORIG1CR1330NW06000c,L.2016.1330,1330,NAM-17,2016,Llewellyn,L,2212.22
MI.M00833.0568.001.FLD0003.ORIG1CR1333NW05000c,L.2016.1333,1333,NAM-43,2016,Llewellyn,L,1865.97
MI.M00833.0568.001.FLD0004.ORIG1CR1337NW05000c,L.2016.1337,1337,NAM-23,2016,Llewellyn,L,3231.53
MI.M00833.0568.001.FLD0001.ORIG1CS1340NW05000c,L.2016.1340,1340,NAM-46,2016,Llewellyn,L,2575.83
MI.M00833.0568.001.FLD0049.ORIG1CS1343NW09000c,L.2016.1343,1343,NAM-37,2016,Llewellyn,L,2585.97
MI.M00833.0568.001.FLD0076.ORIG1CS1346NW08000c,L.2016.1346,1346,NAM-32,2016,Llewellyn,L,2247.64
MI.M00833.0568.001.FLD0033.ORIG1CR1355NW08000c,L.2016.1355,1355,NAM-79,2016,Llewellyn,L,1523.89
MI.M00833.0568.001.FLD0040.ORIG1CR1356NW01000c,L.2016.1356,1356,YN04-C1213,2016,Llewellyn,L,2487.08
ORIG2CR1101NC01000L,L.2017.1101,1101,NAM-46,2017,Llewellyn,L,1957.61
CHCK2CR1105NW05001L,L.2017.1105,1105,NAM-32,2017,Llewellyn,L,2330
ORIG2CR1110NC01000L,L.2017.1110,1110,NAM-76,2017,Llewellyn,L,2880.42
ORIG2CR1111NW01000L,L.2017.1111,1111,NAM-17,2017,Llewellyn,L,2138.87
ORIG2CR1117NW04000L,L.2017.1117,1117,NAM-72,2017,Llewellyn,L,2242.54
CHCK2CR1119NW02100L,L.2017.1119,1119,YN04-C1213,2017,Llewellyn,L,2560.42
ORIG2CR1122NC01000L,L.2017.1122,1122,NAM-23,2017,Llewellyn,L,3047.32
CHCK2CR1127NW05001L,L.2017.1127,1127,NAM-37,2017,Llewellyn,L,3385.07
ORIG2CR1130NC01000L,L.2017.1130,1130,NAM-79,2017,Llewellyn,L,1336.48
CHCK2CR1131NW02010L,L.2017.1131,1131,NAM-13,2017,Llewellyn,L,3024.37
ORIG2CR1138NC01000L,L.2017.1138,1138,NAM-30,2017,Llewellyn,L,2174.51
ORIG2CR1142NC01000L,L.2017.1142,1142,NAM-5,2017,Llewellyn,L,2032.82
ORIG2CR1143NC01000L,L.2017.1143,1143,NAM-48,2017,Llewellyn,L,2690.42
CHCK2CS1146NW02010L,L.2017.1146,1146,NAM-0,2017,Llewellyn,L,3018.31
ORIG2CR1150NC01000L,L.2017.1150,1150,NAM-14,2017,Llewellyn,L,2446.76
CHCK2CR1156NW05001L,L.2017.1156,1156,NAM-43,2017,Llewellyn,L,1948.59
CHCK2CR1202NW05001L,L.2017.1202,1202,NAM-0,2017,Llewellyn,L,2619.86
ORIG2CR1206NC01000L,L.2017.1206,1206,NAM-46,2017,Llewellyn,L,1982.82
ORIG2CR1212NW06000L,L.2017.1212,1212,NAM-13,2017,Llewellyn,L,2816.62
CHCK2CR1213NW05001L,L.2017.1213,1213,NAM-43,2017,Llewellyn,L,1655.92
ORIG2CR1215NC03000L,L.2017.1215,1215,NAM-76,2017,Llewellyn,L,3045.35
ORIG2CR1216NW01000L,L.2017.1216,1216,YN04-C1213,2017,Llewellyn,L,2690
ORIG2CR1222NC01000L,L.2017.1222,1222,NAM-23,2017,Llewellyn,L,2767.04
ORIG2CR1225NC01000L,L.2017.1225,1225,NAM-5,2017,Llewellyn,L,1652.82
CHCK2CS1231NW07100L,L.2017.1231,1231,NAM-37,2017,Llewellyn,L,2753.1
ORIG2CR1233NC01000L,L.2017.1233,1233,NAM-30,2017,Llewellyn,L,2652.82
ORIG2CR1238NW03000L,L.2017.1238,1238,NAM-72,2017,Llewellyn,L,2684.51
CHCK2CR1242NW05001L,L.2017.1242,1242,NAM-17,2017,Llewellyn,L,2579.72
ORIG2CR1243NC01000L,L.2017.1243,1243,NAM-14,2017,Llewellyn,L,3033.52
ORIG2CR1244NC01000L,L.2017.1244,1244,NAM-79,2017,Llewellyn,L,1632.54
ORIG2CR1250NC01000L,L.2017.1250,1250,NAM-48,2017,Llewellyn,L,2670.99
CHCK2CR1255NW05001L,L.2017.1255,1255,NAM-32,2017,Llewellyn,L,2443.1
ORIG2CR1302NC01000L,L.2017.1302,1302,NAM-23,2017,Llewellyn,L,2745.49
ORIG2CR1306NC01000L,L.2017.1306,1306,NAM-46,2017,Llewellyn,L,2611.27
CHCK2CR1308NW05001L,L.2017.1308,1308,YN04-C1213,2017,Llewellyn,L,3360.99
ORIG2CR1312NC01000L,L.2017.1312,1312,NAM-79,2017,Llewellyn,L,1388.17
ORIG2CR1319NW01000L,L.2017.1319,1319,NAM-32,2017,Llewellyn,L,2746.06
ORIG2CR1320NW08000L,L.2017.1320,1320,NAM-37,2017,Llewellyn,L,3363.38
CHCK2CR1325NC03100L,L.2017.1325,1325,NAM-30,2017,Llewellyn,L,2429.72
ORIG2CR1326NC01000L,L.2017.1326,1326,NAM-48,2017,Llewellyn,L,2641.41
ORIG2CR1330NW06000L,L.2017.1330,1330,NAM-17,2017,Llewellyn,L,2270.28
ORIG2CR1331NW01000L,L.2017.1331,1331,NAM-43,2017,Llewellyn,L,1936.48
ORIG2CR1340NC01000L,L.2017.1340,1340,NAM-76,2017,Llewellyn,L,3788.59
ORIG2CR1341NC01000L,L.2017.1341,1341,NAM-14,2017,Llewellyn,L,2530
ORIG2CR1345NC01000L,L.2017.1345,1345,NAM-5,2017,Llewellyn,L,1755.63
CHCK2CR1348NW05001L,L.2017.1348,1348,NAM-0,2017,Llewellyn,L,2747.75
ORIG2CR1351NW04000L,L.2017.1351,1351,NAM-13,2017,Llewellyn,L,3400.28
CHCK2CR1355NW05001L,L.2017.1355,1355,NAM-72,2017,Llewellyn,L,2837.18
NA,M.2015.101,101,NAM-78,2015,Melfort,M,4085.48325
NA,M.2015.102,102,NAM-71,2015,Melfort,M,1132.075472
NA,M.2015.103,103,NAM-76,2015,Melfort,M,2832.113978
NA,M.2015.104,104,NAM-13,2015,Melfort,M,3215.248363
NA,M.2015.105,105,NAM-26,2015,Melfort,M,3376.973431
NA,M.2015.106,106,NAM-9,2015,Melfort,M,1382.364266
NA,M.2015.107,107,NAM-47,2015,Melfort,M,1588.371198
NA,M.2015.108,108,NAM-88,2015,Melfort,M,2508.663843
NA,M.2015.109,109,NAM-40,2015,Melfort,M,2651.135926
NA,M.2015.110,110,NAM-66,2015,Melfort,M,1640.354255
NA,M.2015.111,111,NAM-79,2015,Melfort,M,1374.663073
NA,M.2015.112,112,NAM-5,2015,Melfort,M,1730.843281
NA,M.2015.113,113,NAM-68,2015,Melfort,M,1694.262611
NA,M.2015.115,115,NAM-86,2015,Melfort,M,1108.971891
NA,M.2015.116,116,NAM-56,2015,Melfort,M,2901.424721
NA,M.2015.118,118,NAM-1,2015,Melfort,M,2633.80824
NA,M.2015.119,119,NAM-65,2015,Melfort,M,2666.538313
NA,M.2015.120,120,NAM-32,2015,Melfort,M,1844.435888
NA,M.2015.121,121,NAM-51,2015,Melfort,M,1649.980747
NA,M.2015.122,122,NAM-73,2015,Melfort,M,2416.249519
NA,M.2015.123,123,NAM-30,2015,Melfort,M,2423.950712
NA,M.2015.124,124,NAM-39,2015,Melfort,M,2477.859068
NA,M.2015.125,125,NAM-83,2015,Melfort,M,1205.236812
NA,M.2015.127,127,NAM-34,2015,Melfort,M,548.7100501
NA,M.2015.128,128,NAM-12,2015,Melfort,M,3174.817097
NA,M.2015.129,129,NAM-10,2015,Melfort,M,2670.38891
NA,M.2015.130,130,NAM-31,2015,Melfort,M,1705.814401
NA,M.2015.201,201,NAM-8,2015,Melfort,M,2608.779361
NA,M.2015.202,202,NAM-87,2015,Melfort,M,4145.167501
NA,M.2015.203,203,NAM-37,2015,Melfort,M,2936.080092
NA,M.2015.204,204,NAM-43,2015,Melfort,M,1771.274548
NA,M.2015.205,205,NAM-45,2015,Melfort,M,566.0377358
NA,M.2015.206,206,NAM-25,2015,Melfort,M,2672.314209
NA,M.2015.207,207,NAM-36,2015,Melfort,M,860.6083943
NA,M.2015.208,208,NAM-50,2015,Melfort,M,1888.717751
NA,M.2015.210,210,NAM-4,2015,Melfort,M,2660.762418
NA,M.2015.211,211,NAM-28,2015,Melfort,M,2389.295341
NA,M.2015.212,212,NAM-57,2015,Melfort,M,3708.124759
NA,M.2015.213,213,NAM-82,2015,Melfort,M,1638.428956
NA,M.2015.214,214,NAM-72,2015,Melfort,M,2435.502503
NA,M.2015.215,215,NAM-0,2015,Melfort,M,2683.865999
NA,M.2015.216,216,NAM-15,2015,Melfort,M,2341.16288
NA,M.2015.217,217,NAM-17,2015,Melfort,M,1413.169041
NA,M.2015.218,218,NAM-42,2015,Melfort,M,2543.319214
NA,M.2015.219,219,Q2,2015,Melfort,M,2941.855988
NA,M.2015.220,220,NAM-49,2015,Melfort,M,3082.402772
NA,M.2015.221,221,NAM-29,2015,Melfort,M,879.8613785
NA,M.2015.222,222,NAM-38,2015,Melfort,M,2214.093184
NA,M.2015.223,223,NAM-23,2015,Melfort,M,3392.375818
NA,M.2015.224,224,NAM-46,2015,Melfort,M,1711.590296
NA,M.2015.225,225,NAM-48,2015,Melfort,M,1906.045437
NA,M.2015.226,226,NAM-33,2015,Melfort,M,1725.067385
NA,M.2015.227,227,NAM-85,2015,Melfort,M,1220.639199
NA,M.2015.228,228,NAM-53,2015,Melfort,M,1900.269542
NA,M.2015.229,229,NAM-14,2015,Melfort,M,2268.00154
NA,M.2015.230,230,NAM-75,2015,Melfort,M,2321.909896
NA,M.2015.301,301,NAM-36,2015,Melfort,M,1132.075472
NA,M.2015.302,302,NAM-5,2015,Melfort,M,1921.447824
NA,M.2015.303,303,NAM-73,2015,Melfort,M,3080.477474
NA,M.2015.304,304,NAM-12,2015,Melfort,M,3530.997305
NA,M.2015.305,305,NAM-78,2015,Melfort,M,4301.116673
NA,M.2015.306,306,NAM-83,2015,Melfort,M,2112.052368
NA,M.2015.308,308,NAM-31,2015,Melfort,M,2219.86908
NA,M.2015.309,309,NAM-75,2015,Melfort,M,3257.604929
NA,M.2015.310,310,NAM-48,2015,Melfort,M,2997.689642
NA,M.2015.311,311,NAM-72,2015,Melfort,M,3074.701579
NA,M.2015.312,312,NAM-23,2015,Melfort,M,4262.610705
NA,M.2015.313,313,NAM-38,2015,Melfort,M,2680.015402
NA,M.2015.314,314,NAM-42,2015,Melfort,M,2724.297266
NA,M.2015.315,315,NAM-30,2015,Melfort,M,2699.268387
NA,M.2015.316,316,NAM-26,2015,Melfort,M,2190.989603
NA,M.2015.317,317,NAM-33,2015,Melfort,M,2185.213708
NA,M.2015.318,318,NAM-40,2015,Melfort,M,2073.5464
NA,M.2015.319,319,NAM-0,2015,Melfort,M,2778.205622
NA,M.2015.320,320,NAM-87,2015,Melfort,M,3631.112822
NA,M.2015.323,323,NAM-79,2015,Melfort,M,1191.759723
NA,M.2015.324,324,Q2,2015,Melfort,M,3195.995379
NA,M.2015.326,326,NAM-9,2015,Melfort,M,1909.896034
NA,M.2015.327,327,NAM-51,2015,Melfort,M,2194.8402
NA,M.2015.328,328,NAM-57,2015,Melfort,M,3219.09896
NA,M.2015.329,329,NAM-71,2015,Melfort,M,876.0107817
NA,M.2015.330,330,NAM-28,2015,Melfort,M,2329.61109
NA,M.2015.401,401,NAM-88,2015,Melfort,M,2364.266461
NA,M.2015.402,402,NAM-4,2015,Melfort,M,2458.606084
NA,M.2015.403,403,NAM-53,2015,Melfort,M,1790.527532
NA,M.2015.404,404,NAM-65,2015,Melfort,M,3480.939546
NA,M.2015.405,405,NAM-17,2015,Melfort,M,2146.70774
NA,M.2015.406,406,NAM-45,2015,Melfort,M,621.8713901
NA,M.2015.407,407,NAM-1,2015,Melfort,M,2809.010397
NA,M.2015.408,408,NAM-34,2015,Melfort,M,529.4570658
NA,M.2015.409,409,NAM-37,2015,Melfort,M,2914.90181
NA,M.2015.410,410,NAM-47,2015,Melfort,M,1578.744705
NA,M.2015.411,411,NAM-14,2015,Melfort,M,3663.842896
NA,M.2015.412,412,NAM-49,2015,Melfort,M,3273.007316
NA,M.2015.413,413,NAM-43,2015,Melfort,M,1557.566423
NA,M.2015.414,414,NAM-39,2015,Melfort,M,2447.054293
NA,M.2015.415,415,NAM-66,2015,Melfort,M,1977.281479
NA,M.2015.416,416,NAM-82,2015,Melfort,M,2489.410859
NA,M.2015.417,417,NAM-25,2015,Melfort,M,2620.331151
NA,M.2015.418,418,NAM-29,2015,Melfort,M,1056.988833
NA,M.2015.419,419,NAM-76,2015,Melfort,M,2531.767424
NA,M.2015.420,420,NAM-85,2015,Melfort,M,891.413169
NA,M.2015.421,421,NAM-10,2015,Melfort,M,3332.691567
NA,M.2015.422,422,NAM-32,2015,Melfort,M,1971.505583
NA,M.2015.423,423,NAM-8,2015,Melfort,M,1572.96881
NA,M.2015.424,424,NAM-50,2015,Melfort,M,1898.344243
NA,M.2015.425,425,NAM-68,2015,Melfort,M,1956.103196
NA,M.2015.426,426,NAM-46,2015,Melfort,M,1621.101271
NA,M.2015.427,427,NAM-56,2015,Melfort,M,3305.737389
NA,M.2015.428,428,NAM-86,2015,Melfort,M,1068.540624
NA,M.2015.429,429,NAM-15,2015,Melfort,M,2939.930689
NA,M.2015.430,430,NAM-13,2015,Melfort,M,2624.181748
ORIG2CR1101NC01000M,M.2017.1101,1101,NAM-32,2017,Melfort,M,2637.04
CHCK2CR1102NC02001M,M.2017.1102,1102,NAM-0,2017,Melfort,M,2859.26
ORIG2CR1103NC01000M,M.2017.1103,1103,NAM-14,2017,Melfort,M,2709.26
CHCK2CR1104NC02100M,M.2017.1104,1104,NAM-43,2017,Melfort,M,2600
CHCK2CR1105NC02001M,M.2017.1105,1105,NAM-13,2017,Melfort,M,3181.48
ORIG2CR1106NC01000M,M.2017.1106,1106,NAM-76,2017,Melfort,M,2975.93
ORIG2CR1107NC01000M,M.2017.1107,1107,NAM-17,2017,Melfort,M,2553.7
CHCK2CR1108NC03010M,M.2017.1108,1108,YN04-C1213,2017,Melfort,M,3268.52
ORIG2CR1109NC01000M,M.2017.1109,1109,NAM-5,2017,Melfort,M,2420.37
ORIG2CR1110NC02000M,M.2017.1110,1110,NAM-30,2017,Melfort,M,2581.48
CHCK2CR1111NC02001M,M.2017.1111,1111,NAM-37,2017,Melfort,M,2514.81
CHCK2CS1112NC02001M,M.2017.1112,1112,NAM-23,2017,Melfort,M,3451.85
ORIG2CR1113NC01000M,M.2017.1113,1113,NAM-79,2017,Melfort,M,1329.63
ORIG2CR1114NC01000M,M.2017.1114,1114,NAM-46,2017,Melfort,M,1785.19
CHCK2CS1115NC02001M,M.2017.1115,1115,NAM-72,2017,Melfort,M,2718.52
CHCK2CS1116NC03100M,M.2017.1116,1116,NAM-48,2017,Melfort,M,2651.85
CHCK2CR1201NC02001M,M.2017.1201,1201,NAM-30,2017,Melfort,M,2825.93
ORIG2CR1202NC01000M,M.2017.1202,1202,NAM-43,2017,Melfort,M,2485.19
CHCK2CS1203NC02001M,M.2017.1203,1203,NAM-17,2017,Melfort,M,2442.59
ORIG2CR1204NC01000M,M.2017.1204,1204,NAM-46,2017,Melfort,M,1870.37
CHCK2CR1205NC02001M,M.2017.1205,1205,NAM-32,2017,Melfort,M,2627.78
CHCK2CS1206NC02001M,M.2017.1206,1206,NAM-76,2017,Melfort,M,3235.19
CHCK2CS1207NC02002M,M.2017.1207,1207,NAM-72,2017,Melfort,M,2557.41
CHCK2CR1208NC02001M,M.2017.1208,1208,NAM-37,2017,Melfort,M,2588.89
CHCK2CS1209NC02001M,M.2017.1209,1209,NAM-13,2017,Melfort,M,3201.85
ORIG2CR1210NC01000M,M.2017.1210,1210,NAM-23,2017,Melfort,M,3442.59
ORIG2CR1211NC01000M,M.2017.1211,1211,NAM-48,2017,Melfort,M,2924.07
CHCK2CR1212NC02001M,M.2017.1212,1212,NAM-0,2017,Melfort,M,2844.44
CHCK2CS1213NC03200M,M.2017.1213,1213,NAM-79,2017,Melfort,M,1657.41
ORIG2CR1214NC01000M,M.2017.1214,1214,NAM-5,2017,Melfort,M,2357.41
CHCK2CR1215NC02001M,M.2017.1215,1215,YN04-C1213,2017,Melfort,M,3479.63
ORIG2CR1216NC01000M,M.2017.1216,1216,NAM-14,2017,Melfort,M,2296.3
ORIG2CR1301NC01000M,M.2017.1301,1301,NAM-0,2017,Melfort,M,2885.19
ORIG2CR1302NC01000M,M.2017.1302,1302,NAM-76,2017,Melfort,M,2974.07
CHCK2CR1303NC02002M,M.2017.1303,1303,NAM-46,2017,Melfort,M,1579.63
CHCK2CS1304NC02001M,M.2017.1304,1304,NAM-5,2017,Melfort,M,2107.41
ORIG2CR1305NC01000M,M.2017.1305,1305,NAM-72,2017,Melfort,M,2935.19
ORIG2CR1306NC03000M,M.2017.1306,1306,NAM-17,2017,Melfort,M,2388.89
ORIG2CR1307NC01000M,M.2017.1307,1307,NAM-14,2017,Melfort,M,2729.63
CHCK2CS1308NC02001M,M.2017.1308,1308,NAM-23,2017,Melfort,M,3725.93
ORIG2CR1309NC01000M,M.2017.1309,1309,NAM-13,2017,Melfort,M,3372.22
CHCK2CR1310NC02001M,M.2017.1310,1310,NAM-32,2017,Melfort,M,2392.59
CHCK2CS1311NC02001M,M.2017.1311,1311,NAM-30,2017,Melfort,M,2862.96
CHCK2CS1312NC02001M,M.2017.1312,1312,NAM-79,2017,Melfort,M,1683.33
CHCK2CR1313NC02001M,M.2017.1313,1313,YN04-C1213,2017,Melfort,M,3351.85
ORIG2CR1314NC02000M,M.2017.1314,1314,NAM-48,2017,Melfort,M,2537.04
CHCK2CS1315NC02001M,M.2017.1315,1315,NAM-43,2017,Melfort,M,2268.52
ORIG2CR1316NC03000M,M.2017.1316,1316,NAM-37,2017,Melfort,M,2698.15
NA,N.2017.101,101,NAM-65,2017,Nursery,N,2341.534626
NA,N.2017.102,102,NAM-87,2017,Nursery,N,3152.728345
NA,N.2017.103,103,NAM-43,2017,Nursery,N,1384.46599
NA,N.2017.104,104,Quantum,2017,Nursery,N,2975.363826
NA,N.2017.105,105,NAM-40,2017,Nursery,N,3419.447979
NA,N.2017.106,106,NAM-50,2017,Nursery,N,1194.720943
NA,N.2017.107,107,NAM-26,2017,Nursery,N,2845.637425
NA,N.2017.108,108,NAM-37,2017,Nursery,N,3188.52422
NA,N.2017.109,109,NAM-82,2017,Nursery,N,2000.262683
NA,N.2017.110,110,NAM-66,2017,Nursery,N,865.2912438
NA,N.2017.111,111,NAM-39,2017,Nursery,N,2561.154425
NA,N.2017.112,112,NAM-17,2017,Nursery,N,1945.357733
NA,N.2017.113,113,NAM-42,2017,Nursery,N,2868.245345
NA,N.2017.114,114,NAM-34,2017,Nursery,N,775.6669875
NA,N.2017.115,115,NAM-46,2017,Nursery,N,2363.873404
NA,N.2017.116,116,NAM-76,2017,Nursery,N,3188.52422
NA,N.2017.117,117,Option-501,2017,Nursery,N,2972.403265
NA,N.2017.118,118,NAM-36,2017,Nursery,N,887.0917386
NA,N.2017.119,119,NAM-25,2017,Nursery,N,2734.750958
NA,N.2017.120,120,NAM-71,2017,Nursery,N,1196.066652
NA,N.2017.121,121,NAM-23,2017,Nursery,N,2487.947825
NA,N.2017.122,122,AC-Excel,2017,Nursery,N,2610.138253
NA,N.2017.123,123,NAM-30,2017,Nursery,N,2286.091392
NA,N.2017.124,124,NAM-31,2017,Nursery,N,2565.191554
NA,N.2017.125,125,NAM-32,2017,Nursery,N,2605.831982
NA,N.2017.126,126,NAM-15,2017,Nursery,N,2791.270759
NA,N.2017.127,127,NAM-48,2017,Nursery,N,3175.336266
NA,N.2017.128,128,NAM-10,2017,Nursery,N,3611.884446
NA,N.2017.129,129,NAM-1,2017,Nursery,N,3017.080822
NA,N.2017.130,130,NAM-88,2017,Nursery,N,2198.081987
NA,N.2017.131,131,NAM-29,2017,Nursery,N,961.3749061
NA,N.2017.132,132,NAM-9,2017,Nursery,N,2069.970437
NA,N.2017.133,133,NAM-4,2017,Nursery,N,2353.646012
NA,N.2017.134,134,NAM-38,2017,Nursery,N,2437.88743
NA,N.2017.135,135,NAM-33,2017,Nursery,N,2118.685123
NA,N.2017.136,136,NAM-68,2017,Nursery,N,1804.327371
NA,N.2017.137,137,NAM-12,2017,Nursery,N,2677.154589
NA,N.2017.138,138,NAM-5,2017,Nursery,N,1951.817139
NA,N.2017.139,139,NAM-72,2017,Nursery,N,3291.605571
NA,N.2017.140,140,NAM-75,2017,Nursery,N,3209.248147
NA,N.2017.141,141,NAM-49,2017,Nursery,N,2236.838422
NA,N.2017.142,142,NAM-83,2017,Nursery,N,1725.199649
NA,N.2017.143,143,NAM-53,2017,Nursery,N,2218.805914
NA,N.2017.144,144,NAM-47,2017,Nursery,N,3243.967453
NA,N.2017.145,145,NAM-45,2017,Nursery,N,1447.445197
NA,N.2017.146,146,NAM-8,2017,Nursery,N,2401.553272
NA,N.2017.147,147,NAM-86,2017,Nursery,N,2140.485618
NA,N.2017.148,148,NAM-78,2017,Nursery,N,2652.931817
NA,N.2017.149,149,NAM-57,2017,Nursery,N,3376.385273
NA,N.2017.150,150,NAM-56,2017,Nursery,N,2543.660201
NA,N.2017.151,151,NAM-13,2017,Nursery,N,2833.526039
NA,N.2017.152,152,NAM-28,2017,Nursery,N,2243.56697
NA,N.2017.153,153,NAM-73,2017,Nursery,N,2579.186933
NA,N.2017.154,154,NAM-14,2017,Nursery,N,2822.760363
NA,N.2017.155,155,NAM-79,2017,Nursery,N,1312.335958
NA,N.2017.156,156,NAM-85,2017,Nursery,N,3012.774552
NA,N.2017.157,157,NAM-51,2017,Nursery,N,1439.101798
NA,N.2017.158,158,NAM-0,2017,Nursery,N,2471.530169
NA,N.2017.201,201,NAM-45,2017,Nursery,N,923.9641804
NA,N.2017.202,202,NAM-53,2017,Nursery,N,2404.513833
NA,N.2017.203,203,NAM-36,2017,Nursery,N,815.2308484
NA,N.2017.204,204,NAM-26,2017,Nursery,N,2543.929343
NA,N.2017.205,205,NAM-51,2017,Nursery,N,1174.266158
NA,N.2017.206,206,NAM-50,2017,Nursery,N,1343.018136
NA,N.2017.207,207,NAM-68,2017,Nursery,N,2174.128357
NA,N.2017.208,208,NAM-5,2017,Nursery,N,1986.267303
NA,N.2017.209,209,NAM-40,2017,Nursery,N,3572.320585
NA,N.2017.210,210,NAM-79,2017,Nursery,N,1123.93662
NA,N.2017.211,211,NAM-39,2017,Nursery,N,2227.418455
NA,N.2017.212,212,NAM-37,2017,Nursery,N,2958.946169
NA,N.2017.213,213,NAM-9,2017,Nursery,N,2099.576048
NA,N.2017.214,214,NAM-12,2017,Nursery,N,2697.609374
NA,N.2017.215,215,NAM-76,2017,Nursery,N,3060.41267
NA,N.2017.216,216,NAM-13,2017,Nursery,N,2953.025047
NA,N.2017.217,217,NAM-48,2017,Nursery,N,2802.574719
NA,N.2017.218,218,NAM-1,2017,Nursery,N,2727.753268
NA,N.2017.219,219,NAM-38,2017,Nursery,N,2339.38149
NA,N.2017.220,220,NAM-33,2017,Nursery,N,2553.887593
NA,N.2017.221,221,NAM-47,2017,Nursery,N,2118.685123
NA,N.2017.222,222,NAM-23,2017,Nursery,N,2765.702277
NA,N.2017.223,223,NAM-10,2017,Nursery,N,3137.656398
NA,N.2017.224,224,NAM-56,2017,Nursery,N,3096.477686
NA,N.2017.225,225,NAM-25,2017,Nursery,N,2120.030833
NA,N.2017.226,226,NAM-75,2017,Nursery,N,3247.466298
NA,N.2017.227,227,NAM-8,2017,Nursery,N,2428.736605
NA,N.2017.228,228,NAM-31,2017,Nursery,N,2639.743863
NA,N.2017.229,229,NAM-17,2017,Nursery,N,2064.587599
NA,N.2017.230,230,NAM-86,2017,Nursery,N,1296.456585
NA,N.2017.231,231,NAM-57,2017,Nursery,N,3611.615304
NA,N.2017.232,232,NAM-30,2017,Nursery,N,2579.456075
NA,N.2017.233,233,NAM-88,2017,Nursery,N,2724.523565
NA,N.2017.234,234,NAM-78,2017,Nursery,N,3151.92092
NA,N.2017.235,235,NAM-71,2017,Nursery,N,1260.660711
NA,N.2017.236,236,NAM-72,2017,Nursery,N,3276.802766
NA,N.2017.237,237,NAM-14,2017,Nursery,N,3233.740061
NA,N.2017.238,238,NAM-87,2017,Nursery,N,3406.260026
NA,N.2017.239,239,AC-Excel,2017,Nursery,N,2909.962342
NA,N.2017.240,240,NAM-0,2017,Nursery,N,2669.080331
NA,N.2017.241,241,NAM-43,2017,Nursery,N,855.871277
NA,N.2017.242,242,NAM-83,2017,Nursery,N,1577.44074
NA,N.2017.243,243,Quantum,2017,Nursery,N,2668.003764
NA,N.2017.244,244,NAM-46,2017,Nursery,N,2638.398153
NA,N.2017.245,245,NAM-66,2017,Nursery,N,1351.361535
NA,N.2017.246,246,NAM-32,2017,Nursery,N,2250.833802
NA,N.2017.247,247,NAM-42,2017,Nursery,N,2763.818284
NA,N.2017.248,248,NAM-4,2017,Nursery,N,2322.42555
NA,N.2017.249,249,NAM-28,2017,Nursery,N,2549.850465
NA,N.2017.250,250,NAM-85,2017,Nursery,N,2623.595348
NA,N.2017.251,251,NAM-82,2017,Nursery,N,2430.082314
NA,N.2017.252,252,NAM-15,2017,Nursery,N,2977.786103
NA,N.2017.253,253,NAM-73,2017,Nursery,N,2476.643865
NA,N.2017.254,254,NAM-65,2017,Nursery,N,2793.693036
NA,N.2017.255,255,NAM-49,2017,Nursery,N,2873.0899
NA,N.2017.256,256,Option-501,2017,Nursery,N,3095.131976
NA,N.2017.257,257,NAM-29,2017,Nursery,N,1082.757908
NA,N.2017.258,258,NAM-34,2017,Nursery,N,931.5001539
NA,N.2017.301,301,NAM-75,2017,Nursery,N,2375.715648
NA,N.2017.302,302,NAM-45,2017,Nursery,N,1242.897345
NA,N.2017.303,303,NAM-39,2017,Nursery,N,2019.371758
NA,N.2017.304,304,NAM-68,2017,Nursery,N,2270.481161
NA,N.2017.305,305,NAM-32,2017,Nursery,N,2559.00129
NA,N.2017.306,306,NAM-1,2017,Nursery,N,3130.389567
NA,N.2017.307,307,NAM-8,2017,Nursery,N,2595.60459
NA,N.2017.308,308,NAM-36,2017,Nursery,N,905.9316724
NA,N.2017.309,309,NAM-38,2017,Nursery,N,2738.518944
NA,N.2017.310,310,Option-501,2017,Nursery,N,2415.010367
NA,N.2017.311,311,NAM-13,2017,Nursery,N,3481.888903
NA,N.2017.312,312,NAM-46,2017,Nursery,N,2222.304759
NA,N.2017.313,313,NAM-65,2017,Nursery,N,3253.118278
NA,N.2017.314,314,NAM-43,2017,Nursery,N,1468.438266
NA,N.2017.315,315,NAM-28,2017,Nursery,N,2392.133305
NA,N.2017.316,316,Quantum,2017,Nursery,N,3151.382636
NA,N.2017.317,317,NAM-85,2017,Nursery,N,2838.908877
NA,N.2017.318,318,NAM-78,2017,Nursery,N,2362.796837
NA,N.2017.319,319,NAM-73,2017,Nursery,N,2402.091556
NA,N.2017.320,320,NAM-72,2017,Nursery,N,3138.194682
NA,N.2017.321,321,NAM-48,2017,Nursery,N,2534.778518
NA,N.2017.322,322,NAM-10,2017,Nursery,N,3780.367282
NA,N.2017.323,323,NAM-51,2017,Nursery,N,866.9060953
NA,N.2017.324,324,NAM-53,2017,Nursery,N,2795.307888
NA,N.2017.325,325,NAM-76,2017,Nursery,N,3255.540555
NA,N.2017.326,326,NAM-37,2017,Nursery,N,2866.361352
NA,N.2017.327,327,NAM-5,2017,Nursery,N,2118.14684
NA,N.2017.328,328,NAM-34,2017,Nursery,N,731.796856
NA,N.2017.329,329,NAM-0,2017,Nursery,N,2503.827198
NA,N.2017.330,330,NAM-66,2017,Nursery,N,905.6625305
NA,N.2017.331,331,NAM-79,2017,Nursery,N,1350.284967
NA,N.2017.332,332,NAM-31,2017,Nursery,N,2555.771587
NA,N.2017.333,333,NAM-30,2017,Nursery,N,2474.49073
NA,N.2017.334,334,NAM-15,2017,Nursery,N,3055.837257
NA,N.2017.335,335,AC-Excel,2017,Nursery,N,2704.337922
NA,N.2017.336,336,NAM-9,2017,Nursery,N,1905.793872
NA,N.2017.337,337,NAM-57,2017,Nursery,N,3516.877351
NA,N.2017.338,338,NAM-86,2017,Nursery,N,1735.427042
NA,N.2017.339,339,NAM-29,2017,Nursery,N,1014.126721
NA,N.2017.340,340,NAM-33,2017,Nursery,N,2643.780992
NA,N.2017.341,341,NAM-4,2017,Nursery,N,2120.299975
NA,N.2017.342,342,NAM-71,2017,Nursery,N,642.4417415
NA,N.2017.343,343,NAM-40,2017,Nursery,N,3301.025538
NA,N.2017.344,344,NAM-25,2017,Nursery,N,2336.420929
NA,N.2017.345,345,NAM-82,2017,Nursery,N,2167.399809
NA,N.2017.346,346,NAM-42,2017,Nursery,N,2815.224389
NA,N.2017.347,347,NAM-83,2017,Nursery,N,1720.893379
NA,N.2017.348,348,NAM-14,2017,Nursery,N,2820.338085
NA,N.2017.349,349,NAM-26,2017,Nursery,N,2280.977696
NA,N.2017.350,350,NAM-87,2017,Nursery,N,3238.315473
NA,N.2017.351,351,NAM-88,2017,Nursery,N,2862.324223
NA,N.2017.352,352,NAM-50,2017,Nursery,N,1656.837604
NA,N.2017.353,353,NAM-17,2017,Nursery,N,2320.810698
NA,N.2017.354,354,NAM-47,2017,Nursery,N,3036.189898
NA,N.2017.355,355,NAM-49,2017,Nursery,N,2610.945679
NA,N.2017.356,356,NAM-56,2017,Nursery,N,3239.392041
NA,N.2017.357,357,NAM-12,2017,Nursery,N,2701.377361
NA,N.2017.358,358,NAM-23,2017,Nursery,N,3025.693363
NA,N.2017.401,401,NAM-8,2017,Nursery,N,2005.107237
NA,N.2017.402,402,NAM-14,2017,Nursery,N,2524.820267
NA,N.2017.403,403,NAM-37,2017,Nursery,N,2538.815646
NA,N.2017.404,404,NAM-85,2017,Nursery,N,2905.386929
NA,N.2017.405,405,NAM-86,2017,Nursery,N,1539.760873
NA,N.2017.406,406,NAM-66,2017,Nursery,N,1434.257244
NA,N.2017.407,407,NAM-71,2017,Nursery,N,859.6392637
NA,N.2017.408,408,NAM-4,2017,Nursery,N,2662.620925
NA,N.2017.409,409,NAM-38,2017,Nursery,N,2349.878025
NA,N.2017.410,410,NAM-30,2017,Nursery,N,2235.223571
NA,N.2017.411,411,Quantum,2017,Nursery,N,3109.127356
NA,N.2017.412,412,NAM-5,2017,Nursery,N,2123.529678
NA,N.2017.413,413,NAM-48,2017,Nursery,N,3352.162501
NA,N.2017.414,414,NAM-68,2017,Nursery,N,2002.146676
NA,N.2017.415,415,NAM-83,2017,Nursery,N,1570.443051
NA,N.2017.416,416,NAM-33,2017,Nursery,N,2410.973239
NA,N.2017.417,417,NAM-53,2017,Nursery,N,2258.369775
NA,N.2017.418,418,NAM-78,2017,Nursery,N,2417.432645
NA,N.2017.419,419,NAM-75,2017,Nursery,N,3081.674881
NA,N.2017.420,420,NAM-76,2017,Nursery,N,2700.300793
NA,N.2017.421,421,NAM-82,2017,Nursery,N,1890.452783
NA,N.2017.422,422,NAM-51,2017,Nursery,N,1053.42144
NA,N.2017.423,423,NAM-49,2017,Nursery,N,2344.764329
NA,N.2017.424,424,NAM-73,2017,Nursery,N,3416.218276
NA,N.2017.425,425,Option-501,2017,Nursery,N,3289.721578
NA,N.2017.426,426,NAM-0,2017,Nursery,N,2619.289078
NA,N.2017.427,427,NAM-12,2017,Nursery,N,2692.764819
NA,N.2017.428,428,NAM-10,2017,Nursery,N,3189.062503
NA,N.2017.429,429,AC-Excel,2017,Nursery,N,2478.527858
NA,N.2017.430,430,NAM-36,2017,Nursery,N,700.3072524
NA,N.2017.431,431,NAM-40,2017,Nursery,N,4051.662328
NA,N.2017.432,432,NAM-43,2017,Nursery,N,1665.719287
NA,N.2017.433,433,NAM-39,2017,Nursery,N,2258.908059
NA,N.2017.434,434,NAM-13,2017,Nursery,N,3211.939566
NA,N.2017.435,435,NAM-56,2017,Nursery,N,3240.468608
NA,N.2017.436,436,NAM-17,2017,Nursery,N,2217.729347
NA,N.2017.437,437,NAM-28,2017,Nursery,N,2299.548488
NA,N.2017.438,438,NAM-65,2017,Nursery,N,3223.243526
NA,N.2017.439,439,NAM-47,2017,Nursery,N,3126.083296
NA,N.2017.440,440,NAM-45,2017,Nursery,N,1428.605264
NA,N.2017.441,441,NAM-57,2017,Nursery,N,128.3806915
NA,N.2017.442,442,NAM-15,2017,Nursery,N,1880.763674
NA,N.2017.443,443,NAM-32,2017,Nursery,N,1975.232485
NA,N.2017.444,444,NAM-25,2017,Nursery,N,2104.420602
NA,N.2017.445,445,NAM-79,2017,Nursery,N,1215.714012
NA,N.2017.446,446,NAM-42,2017,Nursery,N,3165.916299
NA,N.2017.447,447,NAM-34,2017,Nursery,N,955.1846421
NA,N.2017.448,448,NAM-9,2017,Nursery,N,1973.348491
NA,N.2017.449,449,NAM-23,2017,Nursery,N,1837.700968
NA,N.2017.450,450,NAM-72,2017,Nursery,N,2811.725544
NA,N.2017.451,451,NAM-1,2017,Nursery,N,3106.166795
NA,N.2017.452,452,NAM-46,2017,Nursery,N,2479.066142
NA,N.2017.453,453,NAM-29,2017,Nursery,N,904.8551048
NA,N.2017.454,454,NAM-26,2017,Nursery,N,2620.365645
NA,N.2017.455,455,NAM-87,2017,Nursery,N,3157.5729
NA,N.2017.456,456,NAM-88,2017,Nursery,N,2389.172744
NA,N.2017.457,457,NAM-50,2017,Nursery,N,1025.699823
NA,N.2017.458,458,NAM-31,2017,Nursery,N,2050.59222
NA,O1.2015.101,101,NAM-82,2015,Outlook Dryland,O1,1847.532895
NA,O1.2015.102,102,NAM-56,2015,Outlook Dryland,O1,3283.059211
NA,O1.2015.103,103,NAM-73,2015,Outlook Dryland,O1,3073.684211
NA,O1.2015.104,104,NAM-45,2015,Outlook Dryland,O1,1078.618421
NA,O1.2015.105,105,NAM-28,2015,Outlook Dryland,O1,2398.190789
NA,O1.2015.106,106,NAM-78,2015,Outlook Dryland,O1,2583.717105
NA,O1.2015.107,107,NAM-13,2015,Outlook Dryland,O1,2296.710526
NA,O1.2015.108,108,Q2,2015,Outlook Dryland,O1,3044.078947
NA,O1.2015.109,109,NAM-40,2015,Outlook Dryland,O1,3518.256579
NA,O1.2015.110,110,NAM-17,2015,Outlook Dryland,O1,1779.605263
NA,O1.2015.111,111,NAM-32,2015,Outlook Dryland,O1,2488.651316
NA,O1.2015.112,112,NAM-65,2015,Outlook Dryland,O1,3165.296053
NA,O1.2015.113,113,NAM-42,2015,Outlook Dryland,O1,2945.230263
NA,O1.2015.114,114,NAM-0,2015,Outlook Dryland,O1,3171.052632
NA,O1.2015.115,115,NAM-33,2015,Outlook Dryland,O1,2509.539474
NA,O1.2015.116,116,NAM-86,2015,Outlook Dryland,O1,415.9539474
NA,O1.2015.117,117,NAM-38,2015,Outlook Dryland,O1,2517.763158
NA,O1.2015.118,118,NAM-5,2015,Outlook Dryland,O1,1741.447368
NA,O1.2015.119,119,NAM-34,2015,Outlook Dryland,O1,917.2697368
NA,O1.2015.120,120,NAM-68,2015,Outlook Dryland,O1,1265.953947
NA,O1.2015.121,121,NAM-47,2015,Outlook Dryland,O1,1741.940789
NA,O1.2015.122,122,NAM-14,2015,Outlook Dryland,O1,2660.032895
NA,O1.2015.123,123,NAM-46,2015,Outlook Dryland,O1,1901.973684
NA,O1.2015.124,124,NAM-26,2015,Outlook Dryland,O1,2351.809211
NA,O1.2015.125,125,NAM-10,2015,Outlook Dryland,O1,2473.355263
NA,O1.2015.126,126,NAM-66,2015,Outlook Dryland,O1,1697.697368
NA,O1.2015.127,127,NAM-25,2015,Outlook Dryland,O1,2101.151316
NA,O1.2015.128,128,NAM-51,2015,Outlook Dryland,O1,1002.467105
NA,O1.2015.129,129,NAM-79,2015,Outlook Dryland,O1,576.1513158
NA,O1.2015.130,130,NAM-31,2015,Outlook Dryland,O1,563.4868421
NA,O1.2015.201,201,NAM-30,2015,Outlook Dryland,O1,2327.631579
NA,O1.2015.202,202,NAM-37,2015,Outlook Dryland,O1,2369.572368
NA,O1.2015.204,204,NAM-85,2015,Outlook Dryland,O1,975.1644737
NA,O1.2015.205,205,NAM-23,2015,Outlook Dryland,O1,2475.164474
NA,O1.2015.206,206,NAM-9,2015,Outlook Dryland,O1,922.0394737
NA,O1.2015.207,207,NAM-87,2015,Outlook Dryland,O1,2977.631579
NA,O1.2015.208,208,NAM-48,2015,Outlook Dryland,O1,1456.25
NA,O1.2015.209,209,NAM-53,2015,Outlook Dryland,O1,2622.368421
NA,O1.2015.210,210,NAM-4,2015,Outlook Dryland,O1,2106.414474
NA,O1.2015.211,211,NAM-71,2015,Outlook Dryland,O1,1300
NA,O1.2015.212,212,NAM-75,2015,Outlook Dryland,O1,2934.375
NA,O1.2015.213,213,NAM-57,2015,Outlook Dryland,O1,3683.717105
NA,O1.2015.214,214,NAM-76,2015,Outlook Dryland,O1,2699.342105
NA,O1.2015.215,215,NAM-49,2015,Outlook Dryland,O1,2501.480263
NA,O1.2015.216,216,NAM-83,2015,Outlook Dryland,O1,1373.684211
NA,O1.2015.217,217,NAM-43,2015,Outlook Dryland,O1,1545.888158
NA,O1.2015.218,218,NAM-15,2015,Outlook Dryland,O1,920.3947368
NA,O1.2015.219,219,NAM-1,2015,Outlook Dryland,O1,1686.677632
NA,O1.2015.221,221,NAM-36,2015,Outlook Dryland,O1,449.0131579
NA,O1.2015.223,223,NAM-29,2015,Outlook Dryland,O1,440.625
NA,O1.2015.224,224,NAM-39,2015,Outlook Dryland,O1,1751.480263
NA,O1.2015.225,225,NAM-12,2015,Outlook Dryland,O1,2626.151316
NA,O1.2015.226,226,NAM-50,2015,Outlook Dryland,O1,1899.177632
NA,O1.2015.228,228,NAM-88,2015,Outlook Dryland,O1,2074.342105
NA,O1.2015.229,229,NAM-8,2015,Outlook Dryland,O1,1612.5
NA,O1.2015.230,230,NAM-72,2015,Outlook Dryland,O1,1485.855263
NA,O1.2015.301,301,Q2,2015,Outlook Dryland,O1,2813.322368
NA,O1.2015.302,302,NAM-14,2015,Outlook Dryland,O1,2426.151316
NA,O1.2015.306,306,NAM-36,2015,Outlook Dryland,O1,572.8618421
NA,O1.2015.307,307,NAM-56,2015,Outlook Dryland,O1,3442.434211
NA,O1.2015.308,308,NAM-66,2015,Outlook Dryland,O1,2666.611842
NA,O1.2015.309,309,NAM-43,2015,Outlook Dryland,O1,2263.486842
NA,O1.2015.310,310,NAM-13,2015,Outlook Dryland,O1,2555.592105
NA,O1.2015.311,311,NAM-53,2015,Outlook Dryland,O1,2607.730263
NA,O1.2015.312,312,NAM-4,2015,Outlook Dryland,O1,2173.190789
NA,O1.2015.313,313,NAM-40,2015,Outlook Dryland,O1,3789.638158
NA,O1.2015.314,314,NAM-1,2015,Outlook Dryland,O1,2430.756579
NA,O1.2015.315,315,NAM-45,2015,Outlook Dryland,O1,1509.210526
NA,O1.2015.316,316,NAM-68,2015,Outlook Dryland,O1,1458.717105
NA,O1.2015.317,317,NAM-42,2015,Outlook Dryland,O1,3067.434211
NA,O1.2015.318,318,NAM-51,2015,Outlook Dryland,O1,1419.078947
NA,O1.2015.319,319,NAM-72,2015,Outlook Dryland,O1,2943.914474
NA,O1.2015.320,320,NAM-34,2015,Outlook Dryland,O1,937.6644737
NA,O1.2015.321,321,NAM-88,2015,Outlook Dryland,O1,2267.434211
NA,O1.2015.322,322,NAM-78,2015,Outlook Dryland,O1,2376.809211
NA,O1.2015.323,323,NAM-47,2015,Outlook Dryland,O1,2831.578947
NA,O1.2015.324,324,NAM-71,2015,Outlook Dryland,O1,1519.572368
NA,O1.2015.325,325,NAM-65,2015,Outlook Dryland,O1,2995.394737
NA,O1.2015.327,327,NAM-37,2015,Outlook Dryland,O1,2198.355263
NA,O1.2015.328,328,NAM-0,2015,Outlook Dryland,O1,2487.335526
NA,O1.2015.329,329,NAM-31,2015,Outlook Dryland,O1,2819.572368
NA,O1.2015.330,330,NAM-75,2015,Outlook Dryland,O1,3172.697368
NA,O1.2015.401,401,NAM-39,2015,Outlook Dryland,O1,2180.263158
NA,O1.2015.402,402,NAM-30,2015,Outlook Dryland,O1,2177.960526
NA,O1.2015.403,403,NAM-33,2015,Outlook Dryland,O1,1848.848684
NA,O1.2015.404,404,NAM-17,2015,Outlook Dryland,O1,1561.019737
NA,O1.2015.405,405,NAM-26,2015,Outlook Dryland,O1,1783.717105
NA,O1.2015.406,406,NAM-85,2015,Outlook Dryland,O1,2098.355263
NA,O1.2015.407,407,NAM-8,2015,Outlook Dryland,O1,2269.243421
NA,O1.2015.408,408,NAM-12,2015,Outlook Dryland,O1,2726.315789
NA,O1.2015.409,409,NAM-87,2015,Outlook Dryland,O1,3665.296053
NA,O1.2015.410,410,NAM-79,2015,Outlook Dryland,O1,1078.125
NA,O1.2015.411,411,NAM-57,2015,Outlook Dryland,O1,3670.723684
NA,O1.2015.412,412,NAM-10,2015,Outlook Dryland,O1,3175.164474
NA,O1.2015.413,413,NAM-15,2015,Outlook Dryland,O1,2539.473684
NA,O1.2015.414,414,NAM-83,2015,Outlook Dryland,O1,1666.282895
NA,O1.2015.415,415,NAM-82,2015,Outlook Dryland,O1,2912.828947
NA,O1.2015.416,416,NAM-76,2015,Outlook Dryland,O1,3107.730263
NA,O1.2015.417,417,NAM-29,2015,Outlook Dryland,O1,1486.019737
NA,O1.2015.418,418,NAM-28,2015,Outlook Dryland,O1,2547.039474
NA,O1.2015.419,419,NAM-32,2015,Outlook Dryland,O1,1889.638158
NA,O1.2015.420,420,NAM-25,2015,Outlook Dryland,O1,2125.493421
NA,O1.2015.421,421,NAM-48,2015,Outlook Dryland,O1,1662.828947
NA,O1.2015.422,422,NAM-38,2015,Outlook Dryland,O1,2586.513158
NA,O1.2015.423,423,NAM-49,2015,Outlook Dryland,O1,2483.059211
NA,O1.2015.424,424,NAM-73,2015,Outlook Dryland,O1,3354.769737
NA,O1.2015.425,425,NAM-5,2015,Outlook Dryland,O1,2357.894737
NA,O1.2015.426,426,NAM-46,2015,Outlook Dryland,O1,2179.276316
NA,O1.2015.427,427,NAM-9,2015,Outlook Dryland,O1,2373.190789
NA,O1.2015.428,428,NAM-50,2015,Outlook Dryland,O1,2146.381579
NA,O1.2015.429,429,NAM-86,2015,Outlook Dryland,O1,1441.118421
NA,O1.2015.430,430,NAM-23,2015,Outlook Dryland,O1,2980.427632
NA,O2.2015.101,101,Q2,2015,OutlookIrrigated,O2,2504.934211
NA,O2.2015.102,102,NAM-57,2015,OutlookIrrigated,O2,3018.421053
NA,O2.2015.103,103,NAM-65,2015,OutlookIrrigated,O2,2812.006579
NA,O2.2015.104,104,NAM-10,2015,OutlookIrrigated,O2,3951.644737
NA,O2.2015.105,105,NAM-68,2015,OutlookIrrigated,O2,1615.460526
NA,O2.2015.106,106,NAM-13,2015,OutlookIrrigated,O2,2762.171053
NA,O2.2015.108,108,NAM-76,2015,OutlookIrrigated,O2,2551.809211
NA,O2.2015.109,109,NAM-82,2015,OutlookIrrigated,O2,2038.486842
NA,O2.2015.110,110,NAM-66,2015,OutlookIrrigated,O2,2671.217105
NA,O2.2015.111,111,NAM-71,2015,OutlookIrrigated,O2,1917.763158
NA,O2.2015.113,113,NAM-38,2015,OutlookIrrigated,O2,2729.934211
NA,O2.2015.114,114,NAM-88,2015,OutlookIrrigated,O2,2826.973684
NA,O2.2015.115,115,NAM-4,2015,OutlookIrrigated,O2,2154.769737
NA,O2.2015.116,116,NAM-12,2015,OutlookIrrigated,O2,3809.539474
NA,O2.2015.117,117,NAM-87,2015,OutlookIrrigated,O2,4144.407895
NA,O2.2015.118,118,NAM-43,2015,OutlookIrrigated,O2,2575.328947
NA,O2.2015.119,119,NAM-5,2015,OutlookIrrigated,O2,2421.875
NA,O2.2015.120,120,NAM-53,2015,OutlookIrrigated,O2,2518.585526
NA,O2.2015.121,121,NAM-73,2015,OutlookIrrigated,O2,2651.315789
NA,O2.2015.122,122,NAM-79,2015,OutlookIrrigated,O2,1051.644737
NA,O2.2015.123,123,NAM-9,2015,OutlookIrrigated,O2,1505.427632
NA,O2.2015.124,124,NAM-28,2015,OutlookIrrigated,O2,2505.756579
NA,O2.2015.125,125,NAM-72,2015,OutlookIrrigated,O2,2887.335526
NA,O2.2015.126,126,NAM-32,2015,OutlookIrrigated,O2,2034.539474
NA,O2.2015.128,128,NAM-30,2015,OutlookIrrigated,O2,2785.361842
NA,O2.2015.129,129,NAM-50,2015,OutlookIrrigated,O2,2094.078947
NA,O2.2015.130,130,NAM-48,2015,OutlookIrrigated,O2,2502.302632
NA,O2.2015.201,201,NAM-29,2015,OutlookIrrigated,O2,1149.013158
NA,O2.2015.202,202,NAM-37,2015,OutlookIrrigated,O2,2217.105263
NA,O2.2015.203,203,NAM-36,2015,OutlookIrrigated,O2,254.2763158
NA,O2.2015.204,204,NAM-51,2015,OutlookIrrigated,O2,1118.585526
NA,O2.2015.205,205,NAM-17,2015,OutlookIrrigated,O2,2044.572368
NA,O2.2015.206,206,NAM-40,2015,OutlookIrrigated,O2,3517.434211
NA,O2.2015.207,207,NAM-23,2015,OutlookIrrigated,O2,2861.019737
NA,O2.2015.208,208,NAM-49,2015,OutlookIrrigated,O2,2585.361842
NA,O2.2015.209,209,NAM-75,2015,OutlookIrrigated,O2,3169.736842
NA,O2.2015.210,210,NAM-1,2015,OutlookIrrigated,O2,3026.315789
NA,O2.2015.211,211,NAM-42,2015,OutlookIrrigated,O2,2870.888158
NA,O2.2015.212,212,NAM-25,2015,OutlookIrrigated,O2,2188.651316
NA,O2.2015.213,213,NAM-86,2015,OutlookIrrigated,O2,481.7434211
NA,O2.2015.214,214,NAM-47,2015,OutlookIrrigated,O2,2620.065789
NA,O2.2015.215,215,NAM-39,2015,OutlookIrrigated,O2,3019.407895
NA,O2.2015.216,216,NAM-85,2015,OutlookIrrigated,O2,2232.236842
NA,O2.2015.217,217,NAM-78,2015,OutlookIrrigated,O2,2809.539474
NA,O2.2015.218,218,NAM-31,2015,OutlookIrrigated,O2,3583.059211
NA,O2.2015.219,219,NAM-14,2015,OutlookIrrigated,O2,3183.223684
NA,O2.2015.220,220,NAM-45,2015,OutlookIrrigated,O2,1113.486842
NA,O2.2015.221,221,NAM-0,2015,OutlookIrrigated,O2,2851.315789
NA,O2.2015.222,222,NAM-8,2015,OutlookIrrigated,O2,2540.789474
NA,O2.2015.223,223,NAM-26,2015,OutlookIrrigated,O2,2772.203947
NA,O2.2015.224,224,NAM-34,2015,OutlookIrrigated,O2,817.9276316
NA,O2.2015.225,225,NAM-33,2015,OutlookIrrigated,O2,2342.105263
NA,O2.2015.227,227,NAM-46,2015,OutlookIrrigated,O2,2576.480263
NA,O2.2015.228,228,NAM-83,2015,OutlookIrrigated,O2,1728.947368
NA,O2.2015.229,229,NAM-15,2015,OutlookIrrigated,O2,2510.197368
NA,O2.2015.230,230,NAM-56,2015,OutlookIrrigated,O2,2732.401316
NA,O2.2015.301,301,NAM-88,2015,OutlookIrrigated,O2,2511.842105
NA,O2.2015.302,302,NAM-56,2015,OutlookIrrigated,O2,3099.671053
NA,O2.2015.304,304,NAM-8,2015,OutlookIrrigated,O2,2072.203947
NA,O2.2015.305,305,NAM-71,2015,OutlookIrrigated,O2,1491.447368
NA,O2.2015.306,306,NAM-53,2015,OutlookIrrigated,O2,2370.065789
NA,O2.2015.307,307,NAM-32,2015,OutlookIrrigated,O2,1834.539474
NA,O2.2015.308,308,NAM-79,2015,OutlookIrrigated,O2,1353.947368
NA,O2.2015.309,309,NAM-46,2015,OutlookIrrigated,O2,2938.486842
NA,O2.2015.310,310,NAM-31,2015,OutlookIrrigated,O2,2204.440789
NA,O2.2015.311,311,NAM-85,2015,OutlookIrrigated,O2,2285.361842
NA,O2.2015.312,312,NAM-39,2015,OutlookIrrigated,O2,2939.144737
NA,O2.2015.313,313,NAM-30,2015,OutlookIrrigated,O2,2599.835526
NA,O2.2015.314,314,NAM-38,2015,OutlookIrrigated,O2,2016.611842
NA,O2.2015.315,315,NAM-78,2015,OutlookIrrigated,O2,2993.914474
NA,O2.2015.316,316,NAM-23,2015,OutlookIrrigated,O2,3533.881579
NA,O2.2015.318,318,NAM-12,2015,OutlookIrrigated,O2,3706.085526
NA,O2.2015.319,319,NAM-1,2015,OutlookIrrigated,O2,2637.171053
NA,O2.2015.320,320,NAM-48,2015,OutlookIrrigated,O2,2930.427632
NA,O2.2015.321,321,NAM-66,2015,OutlookIrrigated,O2,2621.875
NA,O2.2015.322,322,NAM-15,2015,OutlookIrrigated,O2,2536.348684
NA,O2.2015.323,323,NAM-45,2015,OutlookIrrigated,O2,1142.763158
NA,O2.2015.324,324,NAM-29,2015,OutlookIrrigated,O2,1551.973684
NA,O2.2015.325,325,NAM-10,2015,OutlookIrrigated,O2,3828.618421
NA,O2.2015.326,326,NAM-87,2015,OutlookIrrigated,O2,2566.611842
NA,O2.2015.327,327,NAM-26,2015,OutlookIrrigated,O2,2852.960526
NA,O2.2015.328,328,Q2,2015,OutlookIrrigated,O2,3520.394737
NA,O2.2015.329,329,NAM-42,2015,OutlookIrrigated,O2,2786.513158
NA,O2.2015.330,330,NAM-83,2015,OutlookIrrigated,O2,1573.355263
NA,O2.2015.401,401,NAM-57,2015,OutlookIrrigated,O2,3413.486842
NA,O2.2015.402,402,NAM-34,2015,OutlookIrrigated,O2,1187.993421
NA,O2.2015.403,403,NAM-33,2015,OutlookIrrigated,O2,3018.421053
NA,O2.2015.404,404,NAM-75,2015,OutlookIrrigated,O2,3168.585526
NA,O2.2015.405,405,NAM-72,2015,OutlookIrrigated,O2,2601.644737
NA,O2.2015.406,406,NAM-36,2015,OutlookIrrigated,O2,1096.546053
NA,O2.2015.407,407,NAM-9,2015,OutlookIrrigated,O2,1681.25
NA,O2.2015.408,408,NAM-14,2015,OutlookIrrigated,O2,2534.375
NA,O2.2015.409,409,NAM-65,2015,OutlookIrrigated,O2,3159.868421
NA,O2.2015.410,410,NAM-0,2015,OutlookIrrigated,O2,3338.322368
NA,O2.2015.411,411,NAM-49,2015,OutlookIrrigated,O2,1826.973684
NA,O2.2015.413,413,NAM-13,2015,OutlookIrrigated,O2,3042.105263
NA,O2.2015.415,415,NAM-86,2015,OutlookIrrigated,O2,787.5
NA,O2.2015.416,416,NAM-51,2015,OutlookIrrigated,O2,1870.394737
NA,O2.2015.417,417,NAM-25,2015,OutlookIrrigated,O2,2365.789474
NA,O2.2015.418,418,NAM-76,2015,OutlookIrrigated,O2,3273.848684
NA,O2.2015.419,419,NAM-28,2015,OutlookIrrigated,O2,2803.453947
NA,O2.2015.420,420,NAM-17,2015,OutlookIrrigated,O2,2109.868421
NA,O2.2015.421,421,NAM-82,2015,OutlookIrrigated,O2,3028.289474
NA,O2.2015.422,422,NAM-50,2015,OutlookIrrigated,O2,2530.756579
NA,O2.2015.423,423,NAM-37,2015,OutlookIrrigated,O2,2944.243421
NA,O2.2015.424,424,NAM-43,2015,OutlookIrrigated,O2,2288.980263
NA,O2.2015.425,425,NAM-4,2015,OutlookIrrigated,O2,2489.967105
NA,O2.2015.426,426,NAM-5,2015,OutlookIrrigated,O2,2316.447368
NA,O2.2015.427,427,NAM-73,2015,OutlookIrrigated,O2,3251.973684
NA,O2.2015.428,428,NAM-40,2015,OutlookIrrigated,O2,3201.644737
NA,O2.2015.429,429,NAM-47,2015,OutlookIrrigated,O2,1633.388158
NA,O2.2015.430,430,NAM-68,2015,OutlookIrrigated,O2,1914.802632
NA,S.2015.101,101,NAM-57,2015,Scott,S,1906.666667
NA,S.2015.102,102,NAM-15,2015,Scott,S,2051.111111
NA,S.2015.103,103,NAM-38,2015,Scott,S,1826.666667
NA,S.2015.104,104,NAM-86,2015,Scott,S,435.5555556
NA,S.2015.105,105,NAM-39,2015,Scott,S,1611.111111
NA,S.2015.106,106,NAM-85,2015,Scott,S,1366.666667
NA,S.2015.107,107,NAM-26,2015,Scott,S,1546.666667
NA,S.2015.108,108,NAM-72,2015,Scott,S,1675.555556
NA,S.2015.109,109,NAM-31,2015,Scott,S,2280
NA,S.2015.110,110,NAM-40,2015,Scott,S,1997.777778
NA,S.2015.111,111,NAM-30,2015,Scott,S,1628.888889
NA,S.2015.112,112,NAM-87,2015,Scott,S,2233.333333
NA,S.2015.113,113,NAM-83,2015,Scott,S,495.5555556
NA,S.2015.114,114,NAM-76,2015,Scott,S,1288.888889
NA,S.2015.115,115,NAM-48,2015,Scott,S,1882.222222
NA,S.2015.117,117,NAM-78,2015,Scott,S,1764.444444
NA,S.2015.118,118,NAM-45,2015,Scott,S,904.4444444
NA,S.2015.119,119,Q2,2015,Scott,S,2975.555556
NA,S.2015.120,120,NAM-71,2015,Scott,S,971.1111111
NA,S.2015.121,121,NAM-37,2015,Scott,S,2660
NA,S.2015.122,122,NAM-10,2015,Scott,S,2020
NA,S.2015.123,123,NAM-9,2015,Scott,S,1126.666667
NA,S.2015.124,124,NAM-5,2015,Scott,S,1848.888889
NA,S.2015.125,125,NAM-50,2015,Scott,S,1217.777778
NA,S.2015.126,126,NAM-32,2015,Scott,S,2011.111111
NA,S.2015.127,127,NAM-82,2015,Scott,S,1880
NA,S.2015.128,128,NAM-88,2015,Scott,S,551.1111111
NA,S.2015.129,129,NAM-1,2015,Scott,S,2546.666667
NA,S.2015.130,130,NAM-34,2015,Scott,S,560
NA,S.2015.131,131,NAM-23,2015,Scott,S,2504.444444
NA,S.2015.132,132,NAM-56,2015,Scott,S,1811.111111
NA,S.2015.133,133,NAM-13,2015,Scott,S,2342.222222
NA,S.2015.134,134,NAM-43,2015,Scott,S,1104.444444
NA,S.2015.135,135,NAM-25,2015,Scott,S,1662.222222
NA,S.2015.137,137,NAM-51,2015,Scott,S,1704.444444
NA,S.2015.138,138,NAM-53,2015,Scott,S,1191.111111
NA,S.2015.139,139,NAM-33,2015,Scott,S,1242.222222
NA,S.2015.140,140,NAM-8,2015,Scott,S,486.6666667
NA,S.2015.201,201,NAM-36,2015,Scott,S,615.5555556
NA,S.2015.202,202,NAM-75,2015,Scott,S,2320
NA,S.2015.203,203,NAM-42,2015,Scott,S,1966.666667
NA,S.2015.204,204,NAM-28,2015,Scott,S,902.2222222
NA,S.2015.206,206,NAM-65,2015,Scott,S,2015.555556
NA,S.2015.207,207,NAM-73,2015,Scott,S,2706.666667
NA,S.2015.208,208,NAM-47,2015,Scott,S,1331.111111
NA,S.2015.209,209,NAM-68,2015,Scott,S,1875.555556
NA,S.2015.210,210,NAM-17,2015,Scott,S,1733.333333
NA,S.2015.211,211,NAM-46,2015,Scott,S,1693.333333
NA,S.2015.212,212,NAM-66,2015,Scott,S,424.4444444
NA,S.2015.214,214,NAM-49,2015,Scott,S,1531.111111
NA,S.2015.215,215,NAM-29,2015,Scott,S,1275.555556
NA,S.2015.216,216,NAM-4,2015,Scott,S,2544.444444
NA,S.2015.217,217,NAM-0,2015,Scott,S,2106.666667
NA,S.2015.218,218,NAM-14,2015,Scott,S,1406.666667
NA,S.2015.219,219,NAM-12,2015,Scott,S,2613.333333
NA,S.2015.220,220,NAM-79,2015,Scott,S,760
NA,S.2015.221,221,NAM-78,2015,Scott,S,1768.888889
NA,S.2015.222,222,NAM-1,2015,Scott,S,2317.777778
NA,S.2015.223,223,NAM-42,2015,Scott,S,2146.666667
NA,S.2015.224,224,NAM-36,2015,Scott,S,564.4444444
NA,S.2015.225,225,NAM-25,2015,Scott,S,2068.888889
NA,S.2015.226,226,NAM-28,2015,Scott,S,957.7777778
NA,S.2015.227,227,NAM-0,2015,Scott,S,1995.555556
NA,S.2015.229,229,NAM-46,2015,Scott,S,1588.888889
NA,S.2015.230,230,NAM-45,2015,Scott,S,1086.666667
NA,S.2015.231,231,NAM-47,2015,Scott,S,1286.666667
NA,S.2015.232,232,Q2,2015,Scott,S,2602.222222
NA,S.2015.233,233,NAM-68,2015,Scott,S,1595.555556
NA,S.2015.234,234,NAM-88,2015,Scott,S,466.6666667
NA,S.2015.235,235,NAM-73,2015,Scott,S,2364.444444
NA,S.2015.236,236,NAM-10,2015,Scott,S,2415.555556
NA,S.2015.237,237,NAM-66,2015,Scott,S,733.3333333
NA,S.2015.238,238,NAM-5,2015,Scott,S,2088.888889
NA,S.2015.239,239,NAM-87,2015,Scott,S,2842.222222
NA,S.2015.240,240,NAM-72,2015,Scott,S,1733.333333
NA,S.2015.301,301,NAM-9,2015,Scott,S,1020
NA,S.2015.302,302,NAM-76,2015,Scott,S,1933.333333
NA,S.2015.303,303,NAM-29,2015,Scott,S,1004.444444
NA,S.2015.304,304,NAM-50,2015,Scott,S,1733.333333
NA,S.2015.305,305,NAM-48,2015,Scott,S,2506.666667
NA,S.2015.306,306,NAM-71,2015,Scott,S,1591.111111
NA,S.2015.307,307,NAM-30,2015,Scott,S,1975.555556
NA,S.2015.308,308,NAM-65,2015,Scott,S,2186.666667
NA,S.2015.309,309,NAM-32,2015,Scott,S,1940
NA,S.2015.311,311,NAM-31,2015,Scott,S,2284.444444
NA,S.2015.312,312,NAM-33,2015,Scott,S,1755.555556
NA,S.2015.313,313,NAM-17,2015,Scott,S,2053.333333
NA,S.2015.314,314,NAM-79,2015,Scott,S,873.3333333
NA,S.2015.315,315,NAM-14,2015,Scott,S,2062.222222
NA,S.2015.316,316,NAM-13,2015,Scott,S,3020
NA,S.2015.317,317,NAM-56,2015,Scott,S,2584.444444
NA,S.2015.318,318,NAM-43,2015,Scott,S,1497.777778
NA,S.2015.319,319,NAM-57,2015,Scott,S,2964.444444
NA,S.2015.320,320,NAM-15,2015,Scott,S,2797.777778
NA,S.2015.321,321,NAM-83,2015,Scott,S,1002.222222
NA,S.2015.322,322,NAM-34,2015,Scott,S,606.6666667
NA,S.2015.323,323,NAM-82,2015,Scott,S,1924.444444
NA,S.2015.324,324,NAM-51,2015,Scott,S,1742.222222
NA,S.2015.325,325,NAM-75,2015,Scott,S,2786.666667
NA,S.2015.326,326,NAM-37,2015,Scott,S,2328.888889
NA,S.2015.327,327,NAM-4,2015,Scott,S,2175.555556
NA,S.2015.329,329,NAM-85,2015,Scott,S,1777.777778
NA,S.2015.330,330,NAM-12,2015,Scott,S,2328.888889
NA,S.2015.332,332,NAM-53,2015,Scott,S,1451.111111
NA,S.2015.333,333,NAM-8,2015,Scott,S,1208.888889
NA,S.2015.334,334,NAM-49,2015,Scott,S,1580
NA,S.2015.335,335,NAM-26,2015,Scott,S,1540
NA,S.2015.336,336,NAM-40,2015,Scott,S,1897.777778
NA,S.2015.337,337,NAM-23,2015,Scott,S,2835.555556
NA,S.2015.338,338,NAM-39,2015,Scott,S,1686.666667
NA,S.2015.339,339,NAM-86,2015,Scott,S,773.3333333
NA,S.2015.340,340,NAM-38,2015,Scott,S,1484.444444
ORIG2CR1101NC01000S,S.2017.1101,1101,NAM-43,2017,Scott,S,1285.4305
ORIG2CR1102NC01000S,S.2017.1102,1102,NAM-46,2017,Scott,S,763.778
ORIG2CR1103NC01000S,S.2017.1103,1103,NAM-37,2017,Scott,S,1222.4385
ORIG2CR1104NC01000S,S.2017.1104,1104,NAM-5,2017,Scott,S,946.8485
ORIG2CR1106NC01000S,S.2017.1106,1106,NAM-14,2017,Scott,S,NA
ORIG2CR1107C01000S,S.2017.1107,1107,NAM-76,2017,Scott,S,1446.8475
ORIG2CR1108NC01000S,S.2017.1108,1108,NAM-48,2017,Scott,S,1078.738
ORIG2CR1109NC01000S,S.2017.1109,1109,NAM-30,2017,Scott,S,1232.281
ORIG2CR1110NC01000S,S.2017.1110,1110,NAM-23,2017,Scott,S,1472.438
ORIG2CR1111NC01000S,S.2017.1111,1111,NAM-13,2017,Scott,S,1366.139
ORIG2CR1112NC01000S,S.2017.1112,1112,NAM-17,2017,Scott,S,1007.872
ORIG2CR1113NC01000S,S.2017.1113,1113,NAM-32,2017,Scott,S,NA
ORIG2CR1114NC01000S,S.2017.1114,1114,NAM-72,2017,Scott,S,1045.2735
ORIG2CR1115NC01000S,S.2017.1115,1115,NAM-79,2017,Scott,S,909.447
ORIG2CR1116NC01000S,S.2017.1116,1116,NAM-0,2017,Scott,S,1110.234
ORIG2CR1201NC01000S,S.2017.1201,1201,NAM-79,2017,Scott,S,728.345
ORIG2CR1202NC01000S,S.2017.1202,1202,NAM-30,2017,Scott,S,980.313
ORIG2CR1203NC01000S,S.2017.1203,1203,NAM-37,2017,Scott,S,1098.423
ORIG2CR1204NC01000S,S.2017.1204,1204,NAM-17,2017,Scott,S,1003.935
ORIG2CR1207NC01000S,S.2017.1207,1207,YN04-C1213,2017,Scott,S,1023.62
ORIG2CR1208NC01000S,S.2017.1208,1208,NAM-14,2017,Scott,S,694.8805
ORIG2CR1209NC01000S,S.2017.1209,1209,NAM-46,2017,Scott,S,775.589
ORIG2CR1210NC01000S,S.2017.1210,1210,NAM-48,2017,Scott,S,1068.8955
ORIG2CR1211NC01000S,S.2017.1211,1211,NAM-43,2017,Scott,S,1177.163
ORIG2CR1212NC01000S,S.2017.1212,1212,NAM-32,2017,Scott,S,1080.7065
ORIG2CR1214NC01000S,S.2017.1214,1214,NAM-23,2017,Scott,S,1862.201
CHCK2CR1215NC01010S,S.2017.1215,1215,NAM-76,2017,Scott,S,1661.414
ORIG2CR1216NC01000S,S.2017.1216,1216,NAM-5,2017,Scott,S,1208.659
ORIG2CR1301NC01000S,S.2017.1301,1301,NAM-30,2017,Scott,S,960.628
ORIG2CR1302NC01000S,S.2017.1302,1302,NAM-23,2017,Scott,S,2009.8385
ORIG2CR1303NC01000S,S.2017.1303,1303,NAM-14,2017,Scott,S,1051.179
ORIG2CR1304NC01000S,S.2017.1304,1304,NAM-43,2017,Scott,S,1007.872
ORIG2CR1306NC01000S,S.2017.1306,1306,NAM-76,2017,Scott,S,NA
ORIG2CR1307NC01000S,S.2017.1307,1307,NAM-48,2017,Scott,S,877.951
ORIG2CR1308NC01000S,S.2017.1308,1308,NAM-13,2017,Scott,S,1744.091
ORIG2CR1309NC01000S,S.2017.1309,1309,NAM-72,2017,Scott,S,753.9355
ORIG2CR1310NC01000S,S.2017.1310,1310,NAM-32,2017,Scott,S,1082.675
ORIG2CR1311NC01000S,S.2017.1311,1311,YN04-C1213,2017,Scott,S,1352.3595
ORIG2CR1312NC01000S,S.2017.1312,1312,NAM-79,2017,Scott,S,464.566
CHCK2CR1313NC01010S,S.2017.1313,1313,NAM-5,2017,Scott,S,NA
ORIG2CR1314NC01000S,S.2017.1314,1314,NAM-46,2017,Scott,S,1187.0055
ORIG2CR1315NC01000S,S.2017.1315,1315,NAM-0,2017,Scott,S,998.0295
ORIG2CR1316NC01000S,S.2017.1316,1316,NAM-17,2017,Scott,S,1318.895
NA,S1.2014.1,1,NAM-28,2014,Saskatoon,S1,2391.595021
NA,S1.2014.10,10,NAM-57,2014,Saskatoon,S1,3341.127683
NA,S1.2014.100,100,NAM-30,2014,Saskatoon,S1,2889.776698
NA,S1.2014.101,101,NAM-46,2014,Saskatoon,S1,2927.187424
NA,S1.2014.102,102,NAM-1,2014,Saskatoon,S1,1797.06054
NA,S1.2014.103,103,NAM-36,2014,Saskatoon,S1,1472.744537
NA,S1.2014.104,104,NAM-79,2014,Saskatoon,S1,1143.314838
NA,S1.2014.105,105,NAM-38,2014,Saskatoon,S1,3408.951445
NA,S1.2014.106,106,NAM-23,2014,Saskatoon,S1,2280.977696
NA,S1.2014.107,107,NAM-72,2014,Saskatoon,S1,2652.662675
NA,S1.2014.108,108,NAM-49,2014,Saskatoon,S1,2492.79238
NA,S1.2014.109,109,NAM-57,2014,Saskatoon,S1,3384.459531
NA,S1.2014.11,11,NAM-8,2014,Saskatoon,S1,2377.868784
NA,S1.2014.110,110,NAM-88,2014,Saskatoon,S1,2017.218623
NA,S1.2014.111,111,NAM-10,2014,Saskatoon,S1,3600.311343
NA,S1.2014.112,112,NAM-76,2014,Saskatoon,S1,2532.087099
NA,S1.2014.113,113,NAM-68,2014,Saskatoon,S1,2109.265156
NA,S1.2014.114,114,NAM-34,2014,Saskatoon,S1,1845.506084
NA,S1.2014.115,115,NAM-4,2014,Saskatoon,S1,1825.051298
NA,S1.2014.116,116,NAM-49,2014,Saskatoon,S1,2897.312672
NA,S1.2014.117,117,CHECK,2014,Saskatoon,S1,3047.224716
NA,S1.2014.119,119,NAM-68,2014,Saskatoon,S1,2734.481816
NA,S1.2014.12,12,NAM-79,2014,Saskatoon,S1,1109.133815
NA,S1.2014.120,120,NAM-36,2014,Saskatoon,S1,1271.426388
NA,S1.2014.121,121,NAM-37,2014,Saskatoon,S1,2663.428351
NA,S1.2014.122,122,NAM-25,2014,Saskatoon,S1,1283.268632
NA,S1.2014.123,123,NAM-87,2014,Saskatoon,S1,3753.183949
NA,S1.2014.124,124,NAM-14,2014,Saskatoon,S1,2732.866964
NA,S1.2014.125,125,NAM-86,2014,Saskatoon,S1,2399.93842
NA,S1.2014.126,126,NAM-10,2014,Saskatoon,S1,3169.415144
NA,S1.2014.127,127,NAM-1,2014,Saskatoon,S1,1758.842388
NA,S1.2014.128,128,NAM-32,2014,Saskatoon,S1,1730.044204
NA,S1.2014.129,129,NAM-79,2014,Saskatoon,S1,1068.224245
NA,S1.2014.13,13,NAM-87,2014,Saskatoon,S1,4114.103251
NA,S1.2014.130,130,NAM-12,2014,Saskatoon,S1,2843.48429
NA,S1.2014.131,131,NAM-17,2014,Saskatoon,S1,2976.440394
NA,S1.2014.132,132,NAM-85,2014,Saskatoon,S1,2962.714156
NA,S1.2014.133,133,NAM-26,2014,Saskatoon,S1,2802.574719
NA,S1.2014.134,134,NAM-56,2014,Saskatoon,S1,3356.468772
NA,S1.2014.135,135,NAM-43,2014,Saskatoon,S1,1687.788924
NA,S1.2014.136,136,NAM-88,2014,Saskatoon,S1,1995.68727
NA,S1.2014.138,138,NAM-57,2014,Saskatoon,S1,3911.439392
NA,S1.2014.139,139,NAM-65,2014,Saskatoon,S1,2842.407722
NA,S1.2014.14,14,NAM-32,2014,Saskatoon,S1,1255.547015
NA,S1.2014.140,140,NAM-0,2014,Saskatoon,S1,1876.188262
NA,S1.2014.141,141,NAM-28,2014,Saskatoon,S1,2160.132978
NA,S1.2014.142,142,NAM-46,2014,Saskatoon,S1,2631.669606
NA,S1.2014.143,143,NAM-30,2014,Saskatoon,S1,1810.786777
NA,S1.2014.144,144,NAM-13,2014,Saskatoon,S1,2404.513833
NA,S1.2014.145,145,NAM-53,2014,Saskatoon,S1,2172.244364
NA,S1.2014.146,146,NAM-76,2014,Saskatoon,S1,2504.634624
NA,S1.2014.147,147,NAM-38,2014,Saskatoon,S1,2561.692709
NA,S1.2014.148,148,NAM-51,2014,Saskatoon,S1,2059.204761
NA,S1.2014.149,149,NAM-5,2014,Saskatoon,S1,1924.364664
NA,S1.2014.15,15,NAM-39,2014,Saskatoon,S1,2948.180493
NA,S1.2014.150,150,NAM-66,2014,Saskatoon,S1,3344.357386
NA,S1.2014.151,151,NAM-39,2014,Saskatoon,S1,2474.49073
NA,S1.2014.152,152,NAM-34,2014,Saskatoon,S1,1639.34338
NA,S1.2014.153,153,NAM-29,2014,Saskatoon,S1,909.4305172
NA,S1.2014.154,154,NAM-45,2014,Saskatoon,S1,2164.439248
NA,S1.2014.155,155,NAM-83,2014,Saskatoon,S1,2635.168451
NA,S1.2014.156,156,NAM-75,2014,Saskatoon,S1,2101.460041
NA,S1.2014.157,157,NAM-8,2014,Saskatoon,S1,2750.092047
NA,S1.2014.158,158,CHECK,2014,Saskatoon,S1,2848.059702
NA,S1.2014.159,159,NAM-71,2014,Saskatoon,S1,2479.335284
NA,S1.2014.16,16,NAM-86,2014,Saskatoon,S1,2226.072746
NA,S1.2014.160,160,NAM-31,2014,Saskatoon,S1,2263.21433
NA,S1.2014.161,161,NAM-15,2014,Saskatoon,S1,3272.227354
NA,S1.2014.162,162,NAM-82,2014,Saskatoon,S1,1158.925069
NA,S1.2014.163,163,NAM-33,2014,Saskatoon,S1,2468.031324
NA,S1.2014.164,164,NAM-42,2014,Saskatoon,S1,1679.983808
NA,S1.2014.165,165,NAM-47,2014,Saskatoon,S1,2669.887757
NA,S1.2014.168,168,NAM-23,2014,Saskatoon,S1,2512.708881
NA,S1.2014.169,169,NAM-65,2014,Saskatoon,S1,3059.874386
NA,S1.2014.17,17,NAM-46,2014,Saskatoon,S1,2520.783138
NA,S1.2014.170,170,NAM-57,2014,Saskatoon,S1,3868.914971
NA,S1.2014.172,172,NAM-87,2014,Saskatoon,S1,3900.942858
NA,S1.2014.174,174,NAM-4,2014,Saskatoon,S1,1511.500972
NA,S1.2014.175,175,NAM-49,2014,Saskatoon,S1,2779.697657
NA,S1.2014.176,176,NAM-23,2014,Saskatoon,S1,2572.189243
NA,S1.2014.177,177,NAM-10,2014,Saskatoon,S1,3717.926358
NA,S1.2014.178,178,NAM-1,2014,Saskatoon,S1,1506.656418
NA,S1.2014.179,179,NAM-51,2014,Saskatoon,S1,2279.093702
NA,S1.2014.18,18,NAM-34,2014,Saskatoon,S1,1592.512687
NA,S1.2014.180,180,NAM-86,2014,Saskatoon,S1,2742.017789
NA,S1.2014.181,181,NAM-26,2014,Saskatoon,S1,2995.818611
NA,S1.2014.182,182,NAM-30,2014,Saskatoon,S1,1995.956412
NA,S1.2014.183,183,NAM-17,2014,Saskatoon,S1,2682.268285
NA,S1.2014.184,184,NAM-79,2014,Saskatoon,S1,1231.593385
NA,S1.2014.185,185,NAM-33,2014,Saskatoon,S1,3170.760853
NA,S1.2014.186,186,NAM-43,2014,Saskatoon,S1,1559.13909
NA,S1.2014.187,187,NAM-12,2014,Saskatoon,S1,1664.911861
NA,S1.2014.188,188,NAM-47,2014,Saskatoon,S1,3482.96547
NA,S1.2014.189,189,NAM-38,2014,Saskatoon,S1,2845.906567
NA,S1.2014.19,19,NAM-53,2014,Saskatoon,S1,2305.738751
NA,S1.2014.190,190,NAM-25,2014,Saskatoon,S1,967.2960281
NA,S1.2014.191,191,NAM-45,2014,Saskatoon,S1,0
NA,S1.2014.194,194,NAM-29,2014,Saskatoon,S1,599.3790358
NA,S1.2014.195,195,NAM-14,2014,Saskatoon,S1,3675.401937
NA,S1.2014.196,196,NAM-34,2014,Saskatoon,S1,1702.860871
NA,S1.2014.197,197,NAM-15,2014,Saskatoon,S1,3017.888248
NA,S1.2014.198,198,NAM-28,2014,Saskatoon,S1,2432.504592
NA,S1.2014.199,199,NAM-71,2014,Saskatoon,S1,2923.419437
NA,S1.2014.2,2,NAM-40,2014,Saskatoon,S1,3680.246491
NA,S1.2014.20,20,NAM-5,2014,Saskatoon,S1,1774.721761
NA,S1.2014.200,200,NAM-5,2014,Saskatoon,S1,2245.989247
NA,S1.2014.201,201,NAM-53,2014,Saskatoon,S1,3000.124882
NA,S1.2014.202,202,NAM-0,2014,Saskatoon,S1,1874.57341
NA,S1.2014.203,203,NAM-83,2014,Saskatoon,S1,2694.110529
NA,S1.2014.204,204,NAM-76,2014,Saskatoon,S1,2689.535117
NA,S1.2014.205,205,NAM-13,2014,Saskatoon,S1,2733.943532
NA,S1.2014.206,206,NAM-31,2014,Saskatoon,S1,3216.245836
NA,S1.2014.207,207,NAM-68,2014,Saskatoon,S1,2165.246674
NA,S1.2014.208,208,NAM-66,2014,Saskatoon,S1,3560.747482
NA,S1.2014.209,209,NAM-46,2014,Saskatoon,S1,2700.031651
NA,S1.2014.21,21,CHECK,2014,Saskatoon,S1,3150.844352
NA,S1.2014.210,210,NAM-32,2014,Saskatoon,S1,1941.589746
NA,S1.2014.211,211,CHECK,2014,Saskatoon,S1,3173.721414
NA,S1.2014.212,212,NAM-37,2014,Saskatoon,S1,3375.308706
NA,S1.2014.213,213,NAM-82,2014,Saskatoon,S1,1577.979024
NA,S1.2014.214,214,CHECK,2014,Saskatoon,S1,3342.473393
NA,S1.2014.215,215,NAM-8,2014,Saskatoon,S1,3286.222733
NA,S1.2014.216,216,NAM-39,2014,Saskatoon,S1,2365.219114
NA,S1.2014.217,217,NAM-88,2014,Saskatoon,S1,2724.523565
NA,S1.2014.218,218,NAM-36,2014,Saskatoon,S1,1287.844044
NA,S1.2014.22,22,NAM-36,2014,Saskatoon,S1,1089.486456
NA,S1.2014.23,23,NAM-73,2014,Saskatoon,S1,2019.371758
NA,S1.2014.24,24,CHECK,2014,Saskatoon,S1,3460.626692
NA,S1.2014.25,25,NAM-33,2014,Saskatoon,S1,1827.473576
NA,S1.2014.26,26,NAM-17,2014,Saskatoon,S1,2262.676046
NA,S1.2014.27,27,NAM-42,2014,Saskatoon,S1,2810.379835
NA,S1.2014.28,28,NAM-12,2014,Saskatoon,S1,2103.882318
NA,S1.2014.29,29,NAM-45,2014,Saskatoon,S1,2183.279182
NA,S1.2014.3,3,NAM-14,2014,Saskatoon,S1,3023.271086
NA,S1.2014.30,30,NAM-26,2014,Saskatoon,S1,2348.801457
NA,S1.2014.31,31,NAM-47,2014,Saskatoon,S1,2470.453601
NA,S1.2014.32,32,NAM-83,2014,Saskatoon,S1,1885.069945
NA,S1.2014.33,33,NAM-13,2014,Saskatoon,S1,1761.533807
NA,S1.2014.34,34,NAM-72,2014,Saskatoon,S1,2462.917628
NA,S1.2014.35,35,NAM-31,2014,Saskatoon,S1,2254.332646
NA,S1.2014.36,36,NAM-29,2014,Saskatoon,S1,926.3864576
NA,S1.2014.37,37,NAM-1,2014,Saskatoon,S1,1397.384802
NA,S1.2014.38,38,NAM-30,2014,Saskatoon,S1,2263.21433
NA,S1.2014.39,39,NAM-56,2014,Saskatoon,S1,2779.159373
NA,S1.2014.4,4,NAM-25,2014,Saskatoon,S1,1835.547833
NA,S1.2014.40,40,NAM-65,2014,Saskatoon,S1,2024.485454
NA,S1.2014.41,41,NAM-51,2014,Saskatoon,S1,1979.269613
NA,S1.2014.43,43,NAM-66,2014,Saskatoon,S1,3826.390549
NA,S1.2014.45,45,NAM-23,2014,Saskatoon,S1,2814.147821
NA,S1.2014.47,47,NAM-0,2014,Saskatoon,S1,2032.021428
NA,S1.2014.48,48,NAM-88,2014,Saskatoon,S1,2256.485782
NA,S1.2014.49,49,NAM-49,2014,Saskatoon,S1,2405.5904
NA,S1.2014.5,5,NAM-10,2014,Saskatoon,S1,4167.931634
NA,S1.2014.50,50,NAM-37,2014,Saskatoon,S1,2880.895015
NA,S1.2014.51,51,NAM-38,2014,Saskatoon,S1,2641.896998
NA,S1.2014.52,52,NAM-4,2014,Saskatoon,S1,1618.350311
NA,S1.2014.53,53,NAM-75,2014,Saskatoon,S1,2868.783629
NA,S1.2014.54,54,NAM-43,2014,Saskatoon,S1,2266.982316
NA,S1.2014.56,56,NAM-76,2014,Saskatoon,S1,3176.681975
NA,S1.2014.57,57,NAM-85,2014,Saskatoon,S1,2035.251131
NA,S1.2014.58,58,NAM-33,2014,Saskatoon,S1,1913.060703
NA,S1.2014.59,59,NAM-31,2014,Saskatoon,S1,2620.096504
NA,S1.2014.6,6,NAM-15,2014,Saskatoon,S1,3086.250293
NA,S1.2014.60,60,NAM-86,2014,Saskatoon,S1,2251.910369
NA,S1.2014.61,61,NAM-75,2014,Saskatoon,S1,2382.713338
NA,S1.2014.62,62,NAM-5,2014,Saskatoon,S1,2310.045022
NA,S1.2014.63,63,NAM-4,2014,Saskatoon,S1,2081.005256
NA,S1.2014.64,64,NAM-65,2014,Saskatoon,S1,3179.373395
NA,S1.2014.65,65,NAM-42,2014,Saskatoon,S1,2663.697493
NA,S1.2014.66,66,NAM-51,2014,Saskatoon,S1,2266.713174
NA,S1.2014.67,67,CHECK,2014,Saskatoon,S1,3391.726362
NA,S1.2014.68,68,NAM-87,2014,Saskatoon,S1,3764.218767
NA,S1.2014.69,69,NAM-85,2014,Saskatoon,S1,2399.130995
NA,S1.2014.7,7,NAM-71,2014,Saskatoon,S1,2662.620925
NA,S1.2014.70,70,NAM-15,2014,Saskatoon,S1,3239.392041
NA,S1.2014.71,71,NAM-32,2014,Saskatoon,S1,1867.037437
NA,S1.2014.72,72,NAM-14,2014,Saskatoon,S1,3515.262499
NA,S1.2014.73,73,NAM-71,2014,Saskatoon,S1,2145.061031
NA,S1.2014.74,74,NAM-26,2014,Saskatoon,S1,2850.481979
NA,S1.2014.76,76,NAM-43,2014,Saskatoon,S1,2101.190899
NA,S1.2014.77,77,NAM-39,2014,Saskatoon,S1,2806.342706
NA,S1.2014.78,78,NAM-45,2014,Saskatoon,S1,2315.158718
NA,S1.2014.79,79,NAM-83,2014,Saskatoon,S1,1907.947007
NA,S1.2014.8,8,NAM-82,2014,Saskatoon,S1,2054.629349
NA,S1.2014.82,82,NAM-0,2014,Saskatoon,S1,2627.632477
NA,S1.2014.83,83,NAM-82,2014,Saskatoon,S1,2065.664167
NA,S1.2014.84,84,NAM-29,2014,Saskatoon,S1,1129.857742
NA,S1.2014.85,85,NAM-8,2014,Saskatoon,S1,2997.164321
NA,S1.2014.86,86,NAM-47,2014,Saskatoon,S1,3019.233958
NA,S1.2014.87,87,NAM-53,2014,Saskatoon,S1,2205.348819
NA,S1.2014.88,88,NAM-66,2014,Saskatoon,S1,2970.519272
NA,S1.2014.89,89,NAM-73,2014,Saskatoon,S1,2055.167632
NA,S1.2014.9,9,NAM-68,2014,Saskatoon,S1,2673.11746
NA,S1.2014.91,91,NAM-25,2014,Saskatoon,S1,1963.390241
NA,S1.2014.92,92,NAM-56,2014,Saskatoon,S1,3987.068269
NA,S1.2014.93,93,NAM-40,2014,Saskatoon,S1,3686.436755
NA,S1.2014.94,94,NAM-37,2014,Saskatoon,S1,3166.185441
NA,S1.2014.95,95,NAM-12,2014,Saskatoon,S1,2891.39155
NA,S1.2014.96,96,NAM-17,2014,Saskatoon,S1,3197.405903
NA,S1.2014.97,97,CHECK,2014,Saskatoon,S1,3226.473229
NA,S1.2014.98,98,NAM-28,2014,Saskatoon,S1,2919.65145
NA,S1.2014.99,99,NAM-13,2014,Saskatoon,S1,2620.903929
NA,S1.2015.101,101,NAM-4,2015,Saskatoon,S1,1695.887747
NA,S1.2015.102,102,NAM-46,2015,Saskatoon,S1,896.3601
NA,S1.2015.103,103,NAM-34,2015,Saskatoon,S1,238.9552654
NA,S1.2015.104,104,NAM-17,2015,Saskatoon,S1,1566.68519
NA,S1.2015.105,105,NAM-45,2015,Saskatoon,S1,571.8255071
NA,S1.2015.106,106,NAM-82,2015,Saskatoon,S1,1202.556266
NA,S1.2015.107,107,NAM-1,2015,Saskatoon,S1,1923.450959
NA,S1.2015.108,108,NAM-38,2015,Saskatoon,S1,1604.890247
NA,S1.2015.109,109,NAM-83,2015,Saskatoon,S1,836.8991386
NA,S1.2015.110,110,NAM-87,2015,Saskatoon,S1,2498.33287
NA,S1.2015.111,111,NAM-57,2015,Saskatoon,S1,2817.171437
NA,S1.2015.112,112,NAM-15,2015,Saskatoon,S1,2115.587663
NA,S1.2015.114,114,NAM-66,2015,Saskatoon,S1,354.5429286
NA,S1.2015.115,115,NAM-14,2015,Saskatoon,S1,1292.442345
NA,S1.2015.116,116,NAM-12,2015,Saskatoon,S1,1458.877466
NA,S1.2015.118,118,NAM-5,2015,Saskatoon,S1,981.9394276
NA,S1.2015.119,119,NAM-32,2015,Saskatoon,S1,1199.360934
NA,S1.2015.120,120,NAM-33,2015,Saskatoon,S1,1533.342595
NA,S1.2015.121,121,NAM-68,2015,Saskatoon,S1,1667.407613
NA,S1.2015.122,122,NAM-13,2015,Saskatoon,S1,1865.379272
NA,S1.2015.123,123,NAM-75,2015,Saskatoon,S1,2024.67352
NA,S1.2015.124,124,NAM-0,2015,Saskatoon,S1,1570.436232
NA,S1.2015.125,125,NAM-86,2015,Saskatoon,S1,1067.79661
NA,S1.2015.126,126,NAM-79,2015,Saskatoon,S1,576.4101139
NA,S1.2015.127,127,NAM-50,2015,Saskatoon,S1,1475.131981
NA,S1.2015.128,128,NAM-36,2015,Saskatoon,S1,230.758544
NA,S1.2015.129,129,NAM-53,2015,Saskatoon,S1,1165.045846
NA,S1.2015.130,130,NAM-31,2015,Saskatoon,S1,1873.159211
NA,S1.2015.201,201,NAM-28,2015,Saskatoon,S1,2248.541261
NA,S1.2015.202,202,NAM-39,2015,Saskatoon,S1,1812.03112
NA,S1.2015.203,203,Q2,2015,Saskatoon,S1,2731.314254
NA,S1.2015.204,204,NAM-29,2015,Saskatoon,S1,491.6643512
NA,S1.2015.205,205,NAM-73,2015,Saskatoon,S1,2644.484579
NA,S1.2015.207,207,NAM-42,2015,Saskatoon,S1,2523.061962
NA,S1.2015.208,208,NAM-65,2015,Saskatoon,S1,2264.240067
NA,S1.2015.209,209,NAM-51,2015,Saskatoon,S1,588.9135871
NA,S1.2015.210,210,NAM-10,2015,Saskatoon,S1,3341.483745
NA,S1.2015.211,211,NAM-40,2015,Saskatoon,S1,2806.196166
NA,S1.2015.212,212,NAM-48,2015,Saskatoon,S1,2706.029453
NA,S1.2015.213,213,NAM-49,2015,Saskatoon,S1,2713.809391
NA,S1.2015.214,214,NAM-78,2015,Saskatoon,S1,2541.261462
NA,S1.2015.216,216,NAM-37,2015,Saskatoon,S1,2534.592942
NA,S1.2015.217,217,NAM-72,2015,Saskatoon,S1,2401.639344
NA,S1.2015.218,218,NAM-26,2015,Saskatoon,S1,1794.526257
NA,S1.2015.219,219,NAM-25,2015,Saskatoon,S1,1464.15671
NA,S1.2015.220,220,NAM-47,2015,Saskatoon,S1,1085.579328
NA,S1.2015.221,221,NAM-30,2015,Saskatoon,S1,1595.859961
NA,S1.2015.222,222,NAM-76,2015,Saskatoon,S1,2168.519033
NA,S1.2015.223,223,NAM-56,2015,Saskatoon,S1,2176.437899
NA,S1.2015.224,224,NAM-88,2015,Saskatoon,S1,1065.712698
NA,S1.2015.225,225,NAM-71,2015,Saskatoon,S1,747.5687691
NA,S1.2015.226,226,NAM-43,2015,Saskatoon,S1,636.7046402
NA,S1.2015.227,227,NAM-23,2015,Saskatoon,S1,2085.718255
NA,S1.2015.228,228,NAM-85,2015,Saskatoon,S1,1917.338149
NA,S1.2015.229,229,NAM-8,2015,Saskatoon,S1,1468.741317
NA,S1.2015.230,230,NAM-9,2015,Saskatoon,S1,848.8469019
NA,S1.2015.301,301,NAM-25,2015,Saskatoon,S1,1842.734093
NA,S1.2015.302,302,NAM-57,2015,Saskatoon,S1,2976.938038
NA,S1.2015.303,303,NAM-86,2015,Saskatoon,S1,1398.860795
NA,S1.2015.304,304,NAM-34,2015,Saskatoon,S1,284.3845513
NA,S1.2015.306,306,NAM-15,2015,Saskatoon,S1,2193.525979
NA,S1.2015.307,307,NAM-17,2015,Saskatoon,S1,1652.12559
NA,S1.2015.308,308,NAM-88,2015,Saskatoon,S1,1604.612392
NA,S1.2015.309,309,Q2,2015,Saskatoon,S1,2285.357044
NA,S1.2015.310,310,NAM-9,2015,Saskatoon,S1,1067.518755
NA,S1.2015.311,311,NAM-23,2015,Saskatoon,S1,2624.06224
NA,S1.2015.312,312,NAM-65,2015,Saskatoon,S1,2085.023618
NA,S1.2015.313,313,NAM-10,2015,Saskatoon,S1,3272.85357
NA,S1.2015.314,314,NAM-26,2015,Saskatoon,S1,2106.835232
NA,S1.2015.315,315,NAM-51,2015,Saskatoon,S1,485.2736871
NA,S1.2015.316,316,NAM-38,2015,Saskatoon,S1,1824.117811
NA,S1.2015.317,317,NAM-28,2015,Saskatoon,S1,1780.772437
NA,S1.2015.318,318,NAM-12,2015,Saskatoon,S1,1709.224785
NA,S1.2015.319,319,NAM-40,2015,Saskatoon,S1,2791.60878
NA,S1.2015.320,320,NAM-73,2015,Saskatoon,S1,2207.140872
NA,S1.2015.321,321,NAM-4,2015,Saskatoon,S1,1819.255349
NA,S1.2015.322,322,NAM-29,2015,Saskatoon,S1,545.151431
NA,S1.2015.323,323,NAM-87,2015,Saskatoon,S1,2751.319811
NA,S1.2015.324,324,NAM-82,2015,Saskatoon,S1,1191.164212
NA,S1.2015.325,325,NAM-33,2015,Saskatoon,S1,1955.543206
NA,S1.2015.326,326,NAM-76,2015,Saskatoon,S1,1854.265074
NA,S1.2015.327,327,NAM-75,2015,Saskatoon,S1,2205.05696
NA,S1.2015.328,328,NAM-42,2015,Saskatoon,S1,2235.343151
NA,S1.2015.329,329,NAM-48,2015,Saskatoon,S1,2178.521812
NA,S1.2015.330,330,NAM-46,2015,Saskatoon,S1,994.9986107
NA,S1.2015.401,401,NAM-31,2015,Saskatoon,S1,2749.930536
NA,S1.2015.402,402,NAM-47,2015,Saskatoon,S1,1906.918588
NA,S1.2015.403,403,NAM-68,2015,Saskatoon,S1,2077.382606
NA,S1.2015.404,404,NAM-0,2015,Saskatoon,S1,2288.274521
NA,S1.2015.405,405,NAM-72,2015,Saskatoon,S1,2949.569325
NA,S1.2015.406,406,NAM-50,2015,Saskatoon,S1,2504.445679
NA,S1.2015.407,407,NAM-53,2015,Saskatoon,S1,2400.111142
NA,S1.2015.408,408,NAM-39,2015,Saskatoon,S1,2145.734926
NA,S1.2015.409,409,NAM-79,2015,Saskatoon,S1,994.4429008
NA,S1.2015.410,410,NAM-56,2015,Saskatoon,S1,2712.281189
NA,S1.2015.411,411,NAM-43,2015,Saskatoon,S1,1261.044735
NA,S1.2015.413,413,NAM-8,2015,Saskatoon,S1,2004.306752
NA,S1.2015.415,415,NAM-45,2015,Saskatoon,S1,981.9394276
NA,S1.2015.416,416,NAM-1,2015,Saskatoon,S1,2325.090303
NA,S1.2015.417,417,NAM-85,2015,Saskatoon,S1,2640.733537
NA,S1.2015.418,418,NAM-71,2015,Saskatoon,S1,820.2278411
NA,S1.2015.419,419,NAM-83,2015,Saskatoon,S1,1229.508197
NA,S1.2015.420,420,NAM-78,2015,Saskatoon,S1,2484.02334
NA,S1.2015.421,421,NAM-32,2015,Saskatoon,S1,1965.129203
NA,S1.2015.422,422,NAM-66,2015,Saskatoon,S1,805.0847458
NA,S1.2015.423,423,NAM-30,2015,Saskatoon,S1,2201.583773
NA,S1.2015.424,424,NAM-14,2015,Saskatoon,S1,2055.15421
NA,S1.2015.425,425,NAM-49,2015,Saskatoon,S1,2434.843012
NA,S1.2015.426,426,NAM-5,2015,Saskatoon,S1,1227.702139
NA,S1.2015.428,428,NAM-13,2015,Saskatoon,S1,2431.508752
NA,S1.2015.429,429,NAM-37,2015,Saskatoon,S1,2624.479022
NA,S1.2015.430,430,NAM-36,2015,Saskatoon,S1,470.1305918